Id,MSSubClass,MSZoning,LotFrontage,LotArea,Neighborhood,LotShape,LandSlope,OverallQual,OverallCond,YearBuilt,YearRemodAdd,MasVnrType,MasVnrArea,ExterQual,ExterCond,BsmtQual,BsmtCond,BsmtExposure,BsmtFinType1,BsmtFinSF1,BsmtUnfSF,TotalBsmtSF,HeatingQC,CentralAir,Electrical,1stFlrSF,2ndFlrSF,GrLivArea,BsmtFullBath,BsmtHalfBath,FullBath,HalfBath,BedroomAbvGr,KitchenQual,TotRmsAbvGrd,Functional,Fireplaces,FireplaceQu,GarageType,GarageYrBlt,GarageFinish,GarageCars,GarageArea,GarageQual,GarageCond,PavedDrive,WoodDeckSF,OpenPorchSF,EnclosedPorch,3SsnPorch,ScreenPorch,PoolArea,PoolQC,Fence,MiscFeature,Alley,MoSold,YrSold,SaleType,SaleCondition,Exterior1st,Exterior2nd,Utilities,SalePrice
1,120,RL,68.0,9149.0,NAmes,IR1,Mod,9,5,1927,1966,,0.0,Ex,Fa,Ex,TA,No,GLQ,451,5,402,Gd,Y,SBrkr,881,600,4547,1,0,1,0,1,Gd,7,Min1,0,TA,Attchd,1980.0,RFn,0,837,TA,TA,Y,305,152,147,0,106,500,,,,,4,2007,WD,Normal,VinylSd,VinylSd,AllPub,353609.0
2,70,RL,54.0,6320.0,Somerst,IR1,Sev,7,6,1905,1994,,0.0,Gd,Gd,TA,Gd,No,ALQ,699,476,72,Gd,Y,SBrkr,893,600,2258,1,0,2,0,4,Gd,5,Min1,0,Gd,Detchd,1980.0,Unf,1,688,TA,,Y,63,180,71,0,0,0,,MnPrv,,,3,2006,WD,Partial,HdBoard,VinylSd,AllPub,204168.0
3,70,RL,53.0,9717.0,NAmes,IR1,Sev,9,3,1960,1951,Stone,100.0,Ex,TA,Ex,TA,No,Unf,971,470,1899,Gd,Y,SBrkr,1140,1200,4168,0,1,1,0,1,TA,5,Min1,0,,Attchd,2005.0,RFn,0,394,TA,TA,Y,52,3,128,0,43,500,,MnPrv,,,4,2010,WD,Normal,VinylSd,HdBoard,AllPub,347760.0
4,60,RL,79.0,7115.0,Somerst,IR2,Gtl,5,3,1949,2010,BrkFace,0.0,Fa,Fa,Gd,TA,,ALQ,881,580,1525,Ex,Y,SBrkr,713,1200,3642,1,1,2,1,3,Gd,10,Typ,1,,Attchd,1995.0,Unf,3,796,TA,,Y,68,43,129,0,56,0,,MnPrv,,,3,2006,WD,Normal,HdBoard,HdBoard,AllPub,300269.0
5,60,RL,49.0,10105.0,NAmes,IR2,Mod,8,3,1932,1976,BrkFace,100.0,Fa,Gd,Gd,TA,No,GLQ,122,838,799,Ex,N,SBrkr,1464,0,3436,0,1,3,0,2,Gd,8,Typ,0,,Attchd,2005.0,Fin,1,500,TA,TA,Y,78,52,179,0,149,0,,,,,12,2008,WD,Normal,VinylSd,HdBoard,AllPub,254444.0
6,20,RL,83.0,8122.0,NAmes,IR1,Mod,4,8,1938,1970,,,Gd,Gd,,Gd,Gd,ALQ,1006,227,773,Gd,Y,SBrkr,863,0,3314,0,0,2,1,3,TA,7,Typ,2,Gd,Detchd,1995.0,RFn,2,820,TA,TA,Y,5,51,148,0,101,0,,,,,6,2009,WD,Normal,Wd Sdng,VinylSd,AllPub,227828.0
7,20,FV,40.0,10089.0,CollgCr,IR2,Gtl,10,3,1957,1977,BrkFace,0.0,Gd,Fa,Gd,TA,Gd,ALQ,816,617,1160,Gd,Y,SBrkr,1194,1200,639,1,0,3,1,4,TA,7,Min1,2,TA,Attchd,1995.0,RFn,1,575,TA,TA,P,86,197,117,0,42,500,,,,,4,2008,WD,Normal,Wd Sdng,VinylSd,AllPub,196818.0
8,20,RL,59.0,5308.0,Somerst,Reg,Gtl,8,7,1978,1981,,0.0,Fa,Fa,TA,Gd,No,ALQ,357,337,1860,Ex,N,SBrkr,908,600,4430,1,0,3,1,2,Gd,8,Typ,2,Gd,,1980.0,,3,731,TA,TA,Y,31,289,84,0,117,0,,,,,10,2007,WD,Normal,Wd Sdng,HdBoard,AllPub,331823.0
9,20,RL,71.0,7852.0,OldTown,Reg,Sev,10,8,1941,1953,Stone,0.0,Gd,Gd,Gd,Gd,No,ALQ,1199,701,878,TA,Y,SBrkr,774,600,3221,0,1,3,0,3,TA,8,Typ,2,TA,Attchd,1980.0,Unf,2,219,TA,TA,Y,180,261,29,0,36,0,,MnPrv,,,1,2008,WD,Normal,VinylSd,Wd Sdng,AllPub,322618.0
10,120,RM,45.0,8565.0,Somerst,Reg,Mod,10,7,1944,1988,Stone,200.0,TA,Gd,Gd,TA,No,,516,326,159,Ex,N,SBrkr,2174,900,1232,1,1,3,1,5,TA,11,Mod,1,Gd,,1980.0,RFn,1,117,TA,TA,Y,291,0,70,0,68,0,,,,,5,2006,WD,Partial,HdBoard,VinylSd,AllPub,206974.0
11,70,RL,83.0,5840.0,NAmes,IR1,Gtl,5,6,1928,1970,BrkFace,100.0,Fa,TA,TA,TA,Av,ALQ,290,586,1995,Gd,Y,SBrkr,853,1200,2296,1,0,3,1,5,Gd,6,Mod,2,TA,Attchd,1995.0,Unf,0,716,TA,TA,P,58,137,112,0,129,500,,,,,5,2010,WD,Normal,HdBoard,HdBoard,AllPub,190746.0
12,120,RL,70.0,15752.0,Somerst,IR1,Gtl,9,4,1953,1950,BrkFace,,Gd,Fa,TA,TA,No,,737,975,1848,TA,Y,SBrkr,1625,900,1837,0,0,1,0,5,Ex,7,Min1,2,,,1995.0,Unf,3,833,TA,TA,Y,375,97,101,0,23,500,,,,,2,2007,WD,Normal,VinylSd,Wd Sdng,AllPub,290192.0
13,70,RL,49.0,7614.0,OldTown,IR2,Mod,5,5,1958,1988,,100.0,Gd,TA,Gd,Gd,No,GLQ,31,327,324,TA,Y,SBrkr,1655,900,771,1,0,3,0,4,Gd,7,Min1,0,TA,Attchd,1980.0,Unf,0,430,TA,TA,Y,124,12,69,0,98,0,,,,,10,2010,WD,Normal,Wd Sdng,VinylSd,AllPub,108289.0
14,70,RM,40.0,13589.0,OldTown,IR2,Gtl,4,4,1914,1982,Stone,0.0,Ex,TA,Ex,TA,No,Unf,437,2,64,TA,Y,SBrkr,531,900,3817,1,1,3,0,3,TA,8,Mod,2,TA,Attchd,2005.0,RFn,0,22,TA,TA,Y,268,95,73,0,148,500,,,,,5,2009,WD,Normal,HdBoard,Wd Sdng,AllPub,230005.0
15,120,RL,39.0,7337.0,CollgCr,Reg,Mod,6,3,1933,1973,,100.0,Gd,TA,TA,Gd,No,ALQ,742,973,1827,Ex,N,SBrkr,922,900,1674,0,0,2,0,5,Gd,7,Min1,2,TA,Detchd,1980.0,RFn,0,273,,TA,Y,165,82,137,0,2,500,,,,,4,2006,WD,Normal,HdBoard,VinylSd,AllPub,186331.0
16,70,RL,71.0,8358.0,CollgCr,IR1,Sev,10,3,1979,1978,Stone,0.0,Fa,Fa,TA,TA,No,Unf,1127,637,1811,Gd,Y,SBrkr,1349,900,1701,1,0,3,1,5,TA,8,Min1,0,TA,Attchd,1995.0,RFn,0,57,TA,,Y,393,231,36,0,63,0,,,,,4,2006,WD,Normal,Wd Sdng,VinylSd,AllPub,283050.0
17,70,RM,47.0,12774.0,CollgCr,IR2,Mod,9,8,1912,1985,,0.0,Fa,Gd,Gd,TA,Av,Unf,471,560,1111,Gd,Y,SBrkr,1004,0,957,1,0,3,1,5,TA,5,Typ,0,,Attchd,1980.0,RFn,3,157,TA,Gd,Y,312,267,16,0,43,0,,,,,9,2009,WD,Abnorml,VinylSd,Wd Sdng,AllPub,225371.0
18,70,RL,43.0,9810.0,OldTown,Reg,Mod,6,6,1933,1967,BrkFace,100.0,TA,Gd,Gd,TA,No,ALQ,690,591,1298,Ex,Y,SBrkr,1965,1200,2931,1,0,1,1,5,TA,7,Min1,1,,Detchd,2005.0,RFn,1,554,TA,TA,Y,198,185,91,0,99,500,,,,,4,2006,WD,Abnorml,VinylSd,HdBoard,AllPub,238195.0
19,70,FV,65.0,9486.0,Somerst,IR1,Mod,9,7,1937,2009,Stone,0.0,TA,Fa,TA,Gd,Gd,GLQ,708,937,1644,TA,Y,SBrkr,721,1200,3816,0,0,1,0,4,TA,11,Typ,2,TA,Detchd,1980.0,Fin,3,19,TA,Gd,Y,293,170,155,0,137,0,,,,,1,2009,WD,Abnorml,HdBoard,HdBoard,AllPub,357257.0
20,120,RM,116.0,9699.0,NAmes,Reg,Gtl,10,4,1983,1987,,200.0,Ex,Fa,Gd,TA,Av,ALQ,372,323,1187,Gd,Y,SBrkr,1769,0,4395,1,1,1,1,1,TA,8,Typ,2,TA,Attchd,1995.0,Fin,3,138,TA,Gd,Y,122,179,33,0,131,0,,MnPrv,,,9,2006,New,Normal,HdBoard,VinylSd,AllPub,392319.0
21,60,FV,76.0,5944.0,Somerst,Reg,Gtl,9,3,1953,1968,Stone,200.0,Fa,TA,Gd,Gd,No,GLQ,99,700,1195,TA,Y,SBrkr,590,1200,2725,0,0,1,1,2,TA,10,Mod,0,Gd,Detchd,1995.0,,1,91,Gd,,Y,143,214,110,0,74,0,,,Shed,,11,2009,WD,Normal,HdBoard,HdBoard,AllPub,296502.0
22,120,RL,85.0,7968.0,Somerst,IR1,Sev,3,5,1975,1993,BrkFace,0.0,Fa,TA,TA,TA,Gd,Unf,804,489,403,TA,Y,SBrkr,648,0,1688,1,1,1,1,4,Gd,7,Typ,1,TA,Attchd,1995.0,RFn,1,308,,TA,Y,107,85,64,0,12,0,,,Shed,,7,2007,New,Normal,Wd Sdng,VinylSd,AllPub,156340.0
23,70,RL,74.0,6721.0,OldTown,IR2,Gtl,5,5,1987,2000,Stone,100.0,TA,Fa,Gd,TA,Av,,971,999,1090,Ex,Y,SBrkr,1451,900,4299,0,1,3,1,3,TA,9,Min1,1,,Attchd,1980.0,RFn,0,312,TA,TA,Y,254,165,82,0,59,0,,,,,2,2009,New,Abnorml,VinylSd,Wd Sdng,AllPub,308159.0
24,20,RL,86.0,9502.0,OldTown,Reg,Gtl,10,7,1970,1990,BrkFace,0.0,Ex,Fa,TA,TA,No,Unf,865,886,1839,Ex,Y,SBrkr,1827,600,2010,1,0,2,1,3,TA,7,Min1,1,,Detchd,1980.0,Fin,2,602,Gd,TA,Y,171,279,196,0,112,500,,,,,10,2008,WD,Abnorml,VinylSd,Wd Sdng,AllPub,300040.0
25,60,RM,43.0,7607.0,Somerst,IR1,Mod,10,7,1919,1973,,0.0,Fa,TA,Gd,TA,No,ALQ,663,673,566,TA,Y,SBrkr,1769,900,1129,0,0,2,1,3,Ex,10,Min1,0,TA,Attchd,2005.0,Fin,1,813,TA,TA,Y,291,0,121,0,122,0,,,,,7,2007,WD,Normal,VinylSd,HdBoard,AllPub,227305.0
26,120,RL,61.0,8838.0,CollgCr,IR1,Mod,3,6,1901,2005,,,TA,Gd,TA,TA,No,Unf,1173,289,104,Ex,N,SBrkr,1859,1200,1835,0,0,2,0,4,TA,9,Min1,0,Gd,Attchd,1995.0,RFn,2,1,TA,,P,376,70,14,0,132,500,,,,,4,2008,WD,Normal,Wd Sdng,HdBoard,AllPub,129849.0
27,70,RL,75.0,8750.0,CollgCr,IR2,Mod,3,5,1958,1978,,0.0,TA,TA,TA,TA,Mn,,289,879,796,TA,Y,SBrkr,1714,0,2856,0,0,3,1,3,Ex,3,Mod,1,,Attchd,2005.0,RFn,0,707,,TA,Y,201,116,51,0,81,0,,,,Grvl,3,2010,New,Normal,HdBoard,Wd Sdng,AllPub,196204.0
28,20,RL,70.0,8858.0,Somerst,Reg,Gtl,8,4,1989,1978,Stone,100.0,Fa,TA,TA,Gd,No,ALQ,459,480,1681,TA,Y,,989,0,919,0,1,1,1,5,Gd,3,Min1,0,,Attchd,1995.0,RFn,3,389,TA,Gd,N,314,22,170,0,26,0,,,,,7,2007,WD,Normal,HdBoard,HdBoard,AllPub,240472.0
29,120,RL,66.0,8862.0,NAmes,IR1,Mod,6,3,1914,1952,,200.0,Ex,Fa,Ex,TA,No,GLQ,478,465,512,Gd,Y,SBrkr,2036,1200,4363,1,0,1,0,3,TA,4,Mod,0,,Detchd,1995.0,Fin,3,287,Gd,TA,Y,269,41,195,0,12,0,,,,,9,2006,WD,Normal,Wd Sdng,Wd Sdng,AllPub,318263.0
30,70,RL,57.0,7363.0,OldTown,IR1,Mod,8,3,1968,1993,BrkFace,100.0,Ex,TA,Ex,TA,No,ALQ,1027,135,1977,TA,Y,SBrkr,1915,900,3027,1,0,3,1,4,TA,3,Mod,2,,Attchd,1980.0,RFn,1,450,TA,TA,Y,4,86,94,0,91,0,,MnPrv,,,9,2010,WD,Partial,Wd Sdng,HdBoard,AllPub,329882.0
31,120,RM,65.0,6528.0,Somerst,IR1,Sev,10,8,1974,1957,BrkFace,0.0,TA,Gd,Ex,TA,Av,Unf,297,280,1436,TA,Y,SBrkr,677,900,1665,1,0,1,1,2,TA,4,Typ,2,,Attchd,1995.0,RFn,1,154,TA,Gd,Y,76,151,97,0,28,0,,,,,3,2006,WD,Partial,HdBoard,VinylSd,AllPub,299206.0
32,20,RL,55.0,7337.0,CollgCr,Reg,Mod,9,4,1966,1960,BrkFace,0.0,TA,Fa,Gd,TA,Mn,Unf,709,736,715,TA,Y,SBrkr,1134,600,3177,1,1,2,0,1,TA,8,Mod,1,Gd,Attchd,1995.0,RFn,0,160,TA,TA,Y,230,133,86,0,127,0,,MnPrv,,,1,2009,WD,Normal,Wd Sdng,VinylSd,AllPub,250175.0
33,20,RL,22.0,12351.0,CollgCr,Reg,Sev,6,5,1948,1954,,100.0,Fa,Fa,Gd,TA,Av,Unf,1155,83,275,TA,Y,SBrkr,1027,1200,2341,0,1,2,1,1,TA,5,Typ,1,Gd,Attchd,1995.0,Fin,0,114,TA,TA,Y,55,208,90,0,96,0,,,,,1,2009,WD,Normal,Wd Sdng,VinylSd,AllPub,171171.0
34,120,RM,46.0,10019.0,Somerst,IR1,Sev,4,4,1991,1989,BrkFace,0.0,Ex,Fa,TA,Gd,No,ALQ,604,77,1338,TA,Y,SBrkr,689,900,3157,1,0,2,0,3,TA,8,Min1,2,,Attchd,2005.0,Fin,0,440,Gd,TA,Y,133,29,174,0,92,0,,,,,8,2008,WD,Normal,Wd Sdng,HdBoard,AllPub,243429.0
35,20,RL,80.0,10680.0,NAmes,Reg,Gtl,9,3,1976,1953,Stone,,TA,Gd,TA,TA,No,Unf,401,968,792,Gd,Y,SBrkr,1713,1200,4460,1,0,3,0,1,TA,4,Mod,1,Gd,Attchd,2005.0,RFn,1,357,TA,,Y,262,256,130,0,28,0,,,,,5,2009,WD,Normal,HdBoard,VinylSd,AllPub,372830.0
36,70,RL,101.0,13548.0,CollgCr,IR1,Sev,8,6,1923,1958,,0.0,Fa,Fa,TA,TA,Av,Unf,704,156,1720,TA,Y,SBrkr,1376,1200,2474,1,0,3,0,1,TA,8,Mod,0,TA,Attchd,2005.0,Unf,1,325,,TA,Y,398,152,155,0,34,0,,,,,9,2007,WD,Normal,HdBoard,VinylSd,AllPub,246281.0
37,20,RL,106.0,6287.0,OldTown,IR1,Gtl,5,3,1934,1966,,100.0,TA,Gd,Gd,TA,No,GLQ,573,819,1601,Ex,Y,FuseA,1558,1200,3137,0,1,3,0,5,TA,10,Min1,0,,Detchd,1995.0,RFn,2,781,TA,Gd,Y,350,280,99,0,19,0,,MnPrv,,,3,2009,New,Normal,Wd Sdng,Wd Sdng,AllPub,269662.0
38,60,RM,72.0,10436.0,CollgCr,IR1,Mod,7,5,1965,1998,Stone,100.0,Fa,Fa,TA,TA,No,Unf,1116,357,1103,Ex,Y,SBrkr,1333,600,2053,1,0,2,1,5,TA,7,Min1,0,,Attchd,1995.0,Unf,0,762,TA,Gd,Y,129,207,171,0,149,500,,,,,4,2009,WD,Abnorml,HdBoard,HdBoard,AllPub,211110.0
39,60,RL,88.0,6486.0,OldTown,Reg,Mod,3,3,1980,1975,Stone,0.0,Gd,TA,Gd,TA,No,ALQ,537,948,1348,Gd,Y,SBrkr,2117,0,2268,1,0,2,0,3,Ex,8,Min1,2,Gd,Detchd,,RFn,0,405,TA,Gd,Y,98,93,120,0,46,500,,,,,6,2009,WD,Normal,Wd Sdng,Wd Sdng,AllPub,193038.0
40,60,FV,88.0,8101.0,NAmes,Reg,Gtl,3,5,2007,1999,,0.0,Ex,Fa,Gd,TA,No,Unf,908,488,35,TA,Y,SBrkr,1391,900,1215,0,0,1,0,2,TA,7,Min1,2,,Attchd,1995.0,Unf,2,530,TA,TA,P,271,123,141,0,5,0,,,,,1,2007,,Normal,Wd Sdng,Wd Sdng,AllPub,126950.0
41,60,RL,56.0,10355.0,CollgCr,Reg,Sev,6,8,1966,1960,BrkFace,,Fa,TA,Ex,TA,Av,ALQ,135,569,1155,TA,Y,SBrkr,1679,900,4143,0,1,3,1,5,TA,5,Mod,1,,Attchd,1995.0,,2,551,,TA,Y,77,71,151,0,140,0,,,,,7,2008,WD,Normal,VinylSd,VinylSd,AllPub,323367.0
42,20,FV,36.0,14535.0,OldTown,IR2,Gtl,3,5,1991,1958,Stone,0.0,Gd,TA,TA,Gd,No,Unf,1107,605,494,TA,Y,SBrkr,1175,1200,2908,1,0,2,0,4,TA,5,Typ,0,,Attchd,2005.0,Fin,1,166,TA,TA,Y,362,113,103,0,45,0,,MnPrv,,,1,2009,WD,Abnorml,Wd Sdng,Wd Sdng,AllPub,227548.0
43,20,RM,71.0,7082.0,Somerst,Reg,Mod,8,6,1930,1981,,,Fa,Fa,TA,TA,No,ALQ,860,517,89,TA,Y,SBrkr,760,900,1294,1,0,1,0,2,TA,9,Mod,1,,Attchd,1995.0,,2,91,TA,TA,Y,222,271,29,0,33,0,,,,,7,2008,New,Normal,VinylSd,VinylSd,AllPub,178338.0
44,20,RL,35.0,8704.0,NAmes,IR2,Gtl,5,5,2001,2006,BrkFace,0.0,Gd,Fa,TA,TA,No,GLQ,795,3,1223,Ex,Y,SBrkr,729,600,754,1,1,2,0,5,TA,10,Min1,2,,Detchd,,Unf,0,343,Gd,TA,Y,47,153,126,0,141,0,,MnPrv,,,12,2007,WD,Normal,VinylSd,HdBoard,AllPub,110930.0
45,20,RM,64.0,12668.0,OldTown,IR2,Gtl,10,5,1996,1996,,0.0,Gd,TA,TA,TA,No,ALQ,150,589,936,Ex,Y,FuseA,933,1200,2279,0,1,3,1,3,Gd,7,Min1,0,TA,Attchd,1980.0,Unf,1,124,TA,,Y,266,153,160,0,141,0,,MnPrv,,,10,2010,WD,Normal,Wd Sdng,VinylSd,AllPub,287020.0
46,70,RL,82.0,5728.0,NAmes,Reg,Gtl,9,5,1957,1979,,100.0,Gd,Fa,Ex,TA,No,GLQ,1098,830,315,Gd,Y,SBrkr,934,600,3211,1,0,2,1,4,TA,11,Typ,2,,Attchd,1980.0,RFn,3,403,TA,TA,Y,313,79,68,0,9,500,,,,,4,2010,WD,Normal,Wd Sdng,Wd Sdng,AllPub,271206.0
47,70,RL,42.0,9983.0,NAmes,IR2,Gtl,5,6,1950,1972,,200.0,TA,Fa,TA,TA,No,Unf,510,971,1366,TA,Y,SBrkr,1435,1200,2965,1,0,3,0,2,TA,11,Min1,0,Gd,Attchd,1980.0,RFn,2,171,TA,TA,Y,359,167,131,0,107,0,,MnPrv,,,1,2009,WD,Partial,Wd Sdng,VinylSd,AllPub,299923.0
48,70,FV,71.0,8164.0,OldTown,Reg,Gtl,6,4,1908,2005,BrkFace,100.0,TA,Gd,TA,,No,ALQ,127,718,144,Ex,Y,SBrkr,2072,900,2815,0,1,2,1,4,Gd,11,Min1,1,,Detchd,2005.0,Unf,3,555,TA,TA,Y,339,121,103,0,48,0,,,,,6,2008,WD,Normal,Wd Sdng,VinylSd,AllPub,223613.0
49,60,RL,95.0,6874.0,OldTown,Reg,Mod,10,4,1956,1996,Stone,0.0,Fa,Gd,Gd,TA,No,ALQ,1024,93,1397,Ex,Y,SBrkr,1058,1200,2214,0,1,1,1,1,TA,5,Typ,2,,Detchd,1980.0,Fin,2,750,TA,TA,Y,128,23,81,0,123,500,,,,,9,2007,WD,Partial,VinylSd,VinylSd,AllPub,273396.0
50,70,RM,77.0,9358.0,Somerst,Reg,Mod,5,7,1972,2002,,200.0,Gd,Fa,Gd,TA,No,Unf,99,361,1979,Ex,Y,SBrkr,1837,600,730,1,0,3,0,5,Gd,6,Mod,2,Gd,Attchd,2005.0,Unf,0,716,TA,TA,Y,202,74,179,0,36,0,,,,,1,2007,WD,Partial,HdBoard,VinylSd,AllPub,144084.0
51,120,RL,80.0,10705.0,Somerst,Reg,Gtl,10,8,2007,1962,BrkFace,0.0,Fa,Gd,Ex,TA,Mn,Unf,814,193,1355,TA,Y,SBrkr,1165,0,2334,0,0,2,0,1,Gd,6,Typ,2,,,1995.0,Fin,2,243,TA,TA,Y,393,271,51,0,87,0,,,,,10,2010,WD,Abnorml,HdBoard,VinylSd,AllPub,296737.0
52,60,RL,88.0,6812.0,NAmes,IR1,Gtl,7,6,1991,1971,,0.0,TA,TA,TA,TA,Av,Unf,560,475,0,TA,Y,SBrkr,1138,900,1275,0,1,1,1,5,Gd,4,Min1,2,,Detchd,1995.0,RFn,2,338,TA,,Y,4,146,135,0,33,0,,,,Grvl,2,2009,WD,Normal,HdBoard,VinylSd,AllPub,164662.0
53,60,,105.0,10037.0,Somerst,Reg,Sev,3,6,1950,1966,,200.0,Gd,Gd,TA,Gd,No,ALQ,315,700,1762,Gd,Y,FuseA,1369,600,3416,0,0,2,1,1,TA,4,Min1,1,TA,Detchd,1995.0,,1,284,TA,Gd,Y,129,131,159,0,136,0,,,,,7,2008,WD,Partial,Wd Sdng,HdBoard,AllPub,272233.0
54,120,RM,73.0,9433.0,Somerst,Reg,Mod,5,3,1931,1994,Stone,100.0,Ex,Fa,TA,TA,Gd,Unf,290,306,52,Ex,Y,SBrkr,858,900,3804,0,1,1,1,4,Gd,6,Mod,0,,Attchd,2005.0,Fin,2,864,TA,Gd,Y,203,40,134,0,121,0,,,,,6,2009,New,Normal,VinylSd,VinylSd,AllPub,238632.0
55,120,RL,95.0,6170.0,NAmes,IR1,Gtl,4,8,1967,1980,Stone,0.0,Gd,TA,TA,TA,No,Unf,1071,348,1076,Gd,Y,SBrkr,993,1200,1501,0,1,2,0,4,Gd,7,Mod,0,TA,Detchd,1995.0,Unf,0,461,TA,TA,Y,303,75,34,0,36,500,,,,,10,2006,New,Normal,HdBoard,VinylSd,AllPub,152186.0
56,120,RL,69.0,14272.0,NAmes,Reg,Gtl,5,5,1950,2003,,0.0,Ex,Gd,Gd,TA,No,ALQ,404,979,176,Gd,Y,SBrkr,759,1200,1188,1,0,2,1,2,Gd,6,Typ,0,Gd,Attchd,2005.0,Unf,3,229,TA,TA,Y,132,239,153,0,63,0,,MnPrv,,,7,2009,WD,Normal,VinylSd,HdBoard,AllPub,177706.0
57,60,RM,59.0,12419.0,Somerst,Reg,Sev,8,3,1935,1951,BrkFace,0.0,Fa,Gd,Gd,TA,Gd,Unf,1167,121,948,TA,Y,SBrkr,1696,600,3610,0,0,3,0,2,TA,6,Min1,2,,Attchd,2005.0,RFn,0,187,Gd,TA,Y,103,27,173,0,55,0,,,,,7,2008,New,Partial,VinylSd,Wd Sdng,AllPub,288718.0
58,70,RL,76.0,6919.0,Somerst,IR1,Sev,4,4,1931,2010,BrkFace,100.0,Fa,Gd,TA,TA,No,,480,430,1408,TA,Y,SBrkr,1204,900,913,1,1,2,0,5,TA,11,Mod,2,Gd,Attchd,1980.0,Unf,1,212,Gd,TA,Y,221,296,100,0,98,0,,MnPrv,,,4,2007,New,Partial,HdBoard,VinylSd,AllPub,170513.0
59,120,RM,58.0,7510.0,NAmes,IR1,Sev,6,7,1953,1977,BrkFace,0.0,Ex,TA,Ex,,,ALQ,771,935,816,Gd,Y,SBrkr,2124,1200,2563,1,1,2,1,2,TA,5,Typ,2,,Attchd,1995.0,Fin,1,748,Gd,TA,Y,166,54,182,0,31,0,,,Shed,Grvl,8,2006,New,Partial,VinylSd,Wd Sdng,AllPub,245098.0
60,70,RM,59.0,11285.0,NAmes,Reg,Sev,5,6,1919,1965,Stone,200.0,Ex,Fa,Gd,TA,Gd,Unf,247,55,14,Gd,Y,SBrkr,571,600,1488,0,1,1,1,2,Gd,4,Min1,2,Gd,Attchd,,RFn,1,14,TA,TA,Y,398,162,188,0,55,500,,,,Grvl,5,2010,WD,Normal,HdBoard,VinylSd,AllPub,147119.0
61,120,RM,58.0,7718.0,NAmes,Reg,Mod,10,7,1930,2000,,100.0,Fa,Gd,TA,TA,Gd,Unf,1107,732,619,Ex,Y,SBrkr,1112,600,1783,1,0,2,0,5,TA,5,Mod,2,,Attchd,1980.0,,1,0,TA,TA,N,27,105,151,0,145,0,,MnPrv,,Grvl,7,2010,WD,Partial,Wd Sdng,VinylSd,AllPub,199376.0
62,70,RL,24.0,5157.0,NAmes,Reg,Gtl,4,8,1993,1998,Stone,,Fa,Fa,Ex,Gd,Gd,ALQ,1026,755,1287,Ex,Y,SBrkr,1806,0,1563,1,1,2,1,5,TA,8,Mod,1,TA,Detchd,1995.0,RFn,1,323,TA,TA,Y,24,73,150,0,83,500,,,,,1,2009,WD,Normal,Wd Sdng,Wd Sdng,AllPub,175456.0
63,70,RM,72.0,12267.0,Somerst,IR1,Gtl,4,3,2003,1999,Stone,0.0,TA,TA,Gd,Gd,No,Unf,230,431,1107,TA,Y,SBrkr,1039,900,3519,1,0,2,0,1,Gd,6,Mod,2,,Attchd,1995.0,RFn,0,372,TA,TA,Y,285,123,101,0,72,0,,,,,11,2006,WD,Normal,HdBoard,HdBoard,AllPub,265352.0
64,60,RL,45.0,8979.0,Somerst,IR2,Sev,7,7,1974,1973,BrkFace,200.0,TA,TA,Gd,TA,No,GLQ,637,307,1745,TA,Y,SBrkr,1996,0,4453,0,0,3,0,5,Gd,10,Min1,1,TA,Detchd,1995.0,Fin,3,192,TA,TA,Y,375,62,118,0,143,0,,,,,9,2008,WD,Normal,VinylSd,Wd Sdng,AllPub,366282.0
65,120,RL,68.0,15869.0,Somerst,IR1,Sev,4,4,1906,2009,Stone,0.0,Gd,Gd,TA,TA,No,GLQ,610,863,117,Ex,Y,SBrkr,2086,600,3414,1,0,1,1,4,Gd,4,Min1,0,Gd,,1995.0,RFn,1,842,Gd,TA,Y,95,94,91,0,144,0,,MnPrv,,,4,2006,WD,Normal,Wd Sdng,VinylSd,AllPub,214562.0
66,20,RL,99.0,9969.0,OldTown,Reg,Mod,6,3,1959,1954,BrkFace,0.0,Gd,Gd,Ex,TA,Av,GLQ,477,398,1806,Ex,Y,SBrkr,950,1200,2348,1,1,2,1,3,Ex,5,Mod,0,Gd,Detchd,1995.0,RFn,1,429,TA,Gd,Y,13,94,196,0,138,0,,,,,6,2010,WD,Normal,Wd Sdng,Wd Sdng,AllPub,251096.0
67,70,RL,60.0,9483.0,CollgCr,Reg,Sev,4,8,1943,1963,Stone,100.0,Gd,TA,Gd,TA,No,Unf,603,369,1135,Gd,Y,SBrkr,1960,900,1869,0,0,1,1,1,TA,8,Min1,2,Gd,Attchd,2005.0,RFn,3,8,TA,TA,Y,10,26,53,0,79,0,,,,,3,2009,WD,Normal,VinylSd,Wd Sdng,AllPub,224259.0
68,70,RL,59.0,21213.0,NAmes,Reg,Sev,3,6,1991,1967,,100.0,Gd,TA,,TA,No,ALQ,592,924,209,Ex,Y,SBrkr,1879,1200,1652,0,0,3,0,4,TA,10,Mod,0,Gd,Attchd,1995.0,RFn,2,5,TA,Gd,Y,244,64,170,0,54,0,,,,,5,2007,WD,Normal,VinylSd,HdBoard,AllPub,136667.0
69,120,RL,97.0,8505.0,OldTown,IR1,Sev,8,6,1945,1959,Stone,0.0,Fa,Gd,Gd,TA,No,Unf,605,864,1714,Gd,Y,SBrkr,655,900,2842,1,0,1,1,1,Ex,6,Typ,2,TA,Detchd,,Fin,3,283,TA,TA,Y,156,145,135,0,36,0,,,,,1,2007,WD,Abnorml,Wd Sdng,Wd Sdng,AllPub,292744.0
70,70,RL,81.0,6731.0,NAmes,IR2,Gtl,4,5,1927,1959,BrkFace,100.0,Gd,Gd,Gd,TA,No,GLQ,8,56,488,Ex,Y,SBrkr,1778,1200,3645,1,1,1,0,3,TA,10,Typ,2,Gd,Attchd,2005.0,Fin,2,872,TA,TA,Y,43,292,169,0,58,0,,,,,3,2007,WD,Normal,Wd Sdng,Wd Sdng,AllPub,264235.0
71,60,RM,90.0,9593.0,Somerst,Reg,Gtl,4,3,1991,2010,,0.0,Fa,Fa,TA,TA,No,Unf,725,459,682,TA,Y,SBrkr,666,900,4316,0,1,3,1,4,TA,10,Min1,0,TA,Attchd,2005.0,Fin,2,614,TA,TA,Y,80,26,141,0,68,0,,,,,7,2006,WD,Normal,HdBoard,Wd Sdng,AllPub,277313.0
72,60,RM,63.0,12591.0,CollgCr,IR2,Gtl,6,5,1974,1994,BrkFace,0.0,Ex,Gd,TA,Gd,No,ALQ,252,477,345,Gd,Y,SBrkr,1347,0,2443,0,0,2,0,1,TA,9,Typ,1,,Attchd,1980.0,Unf,3,812,TA,TA,Y,386,104,46,0,87,0,,,,,11,2007,WD,Partial,Wd Sdng,Wd Sdng,AllPub,221429.0
73,60,RL,85.0,6314.0,OldTown,IR1,Mod,6,8,1919,1991,Stone,100.0,Gd,Fa,Gd,TA,No,Unf,410,188,1774,Ex,Y,SBrkr,1400,600,3151,0,0,3,1,1,TA,8,Mod,2,,Detchd,1995.0,RFn,0,644,,Gd,Y,144,21,5,0,80,0,,,,,7,2010,WD,Normal,VinylSd,Wd Sdng,AllPub,267561.0
74,60,RM,56.0,6819.0,CollgCr,IR1,Sev,5,5,2004,1983,,200.0,Gd,Gd,Gd,TA,Av,Unf,1130,880,1167,Ex,Y,SBrkr,2023,900,2829,1,1,2,1,5,TA,4,Mod,1,Gd,Detchd,1995.0,Unf,2,614,TA,,Y,107,54,13,0,140,0,,,,,1,2010,New,Partial,VinylSd,VinylSd,AllPub,271784.0
75,70,RM,56.0,10249.0,Somerst,IR1,Sev,5,3,1926,1978,,200.0,Ex,TA,Gd,TA,No,ALQ,614,513,640,Gd,Y,SBrkr,966,900,3926,1,1,1,1,1,TA,8,Mod,2,Gd,Attchd,1980.0,RFn,0,236,TA,TA,Y,7,200,10,0,123,0,,,,,1,2008,WD,Normal,HdBoard,Wd Sdng,AllPub,242637.0
76,120,FV,82.0,3432.0,OldTown,IR2,Gtl,10,7,1988,1959,Stone,200.0,Ex,TA,TA,TA,No,Unf,276,544,1681,Ex,Y,FuseA,1328,600,3182,1,0,2,1,2,,8,Min1,1,,,2005.0,Unf,0,292,TA,TA,Y,238,119,79,0,41,500,,,,,4,2007,WD,Normal,HdBoard,HdBoard,AllPub,355327.0
77,20,RM,58.0,6452.0,Somerst,IR1,Sev,10,7,1938,1980,,,Fa,TA,Ex,TA,Av,Unf,846,91,842,Gd,Y,SBrkr,805,600,1937,0,0,1,0,1,TA,11,Min1,2,Gd,Detchd,2005.0,Unf,0,362,,TA,Y,367,165,139,0,30,0,,MnPrv,,,7,2006,WD,Normal,Wd Sdng,VinylSd,AllPub,216376.0
78,120,RL,85.0,11369.0,OldTown,Reg,Mod,3,3,1977,1986,BrkFace,0.0,Ex,Gd,TA,TA,Gd,GLQ,37,354,324,TA,Y,SBrkr,1322,900,976,1,0,2,0,1,TA,7,Typ,2,TA,Attchd,2005.0,Unf,0,443,TA,TA,Y,225,268,103,0,74,0,,,,,12,2008,New,Normal,VinylSd,HdBoard,AllPub,80931.0
79,70,FV,118.0,7510.0,Somerst,IR1,Sev,4,8,1944,1995,BrkFace,0.0,Ex,TA,Gd,TA,Av,ALQ,515,663,1373,Gd,Y,SBrkr,1064,600,2815,1,0,3,0,5,Gd,9,Typ,1,,Attchd,,Unf,0,826,TA,TA,Y,107,138,29,0,45,0,,MnPrv,,,3,2010,WD,Normal,VinylSd,HdBoard,AllPub,246405.0
80,60,FV,36.0,5498.0,NAmes,IR1,Gtl,8,3,1994,1959,Stone,0.0,Gd,Fa,Ex,TA,Gd,Unf,800,608,864,Ex,Y,SBrkr,1299,600,3805,0,0,3,0,4,TA,4,Typ,1,TA,Attchd,1980.0,RFn,2,288,TA,TA,Y,34,221,179,0,70,0,,,,Grvl,8,2007,WD,Normal,HdBoard,HdBoard,AllPub,347558.0
81,70,RL,55.0,15957.0,CollgCr,Reg,Sev,9,3,1955,1960,BrkFace,0.0,Ex,Gd,TA,TA,,,757,967,268,TA,Y,SBrkr,502,0,854,1,1,3,1,1,TA,3,Min1,2,TA,Detchd,2005.0,RFn,3,386,Gd,,Y,56,102,56,0,125,500,,MnPrv,,,8,2010,WD,Normal,HdBoard,Wd Sdng,AllPub,184879.0
82,70,RM,92.0,5865.0,CollgCr,Reg,Gtl,9,6,1937,1984,Stone,100.0,TA,Fa,Gd,TA,No,GLQ,988,814,757,Gd,Y,SBrkr,2088,1200,4388,0,0,3,1,5,Gd,8,Min1,2,Gd,Attchd,2005.0,RFn,3,242,TA,TA,Y,235,108,142,0,12,0,,MnPrv,,,2,2010,WD,Normal,Wd Sdng,Wd Sdng,AllPub,363238.0
83,60,FV,67.0,7654.0,NAmes,IR2,Mod,10,5,1953,1962,,100.0,Fa,TA,TA,Gd,No,GLQ,605,11,691,Ex,Y,SBrkr,1727,0,3748,1,1,1,0,5,Ex,4,Mod,1,,Detchd,,Fin,1,678,TA,,N,320,43,76,0,126,500,,,,,8,2009,New,Normal,VinylSd,Wd Sdng,AllPub,312136.0
84,60,RL,93.0,8008.0,NAmes,IR1,Gtl,10,4,1939,1970,Stone,,Fa,Gd,Gd,,Mn,GLQ,511,241,1156,Ex,Y,SBrkr,834,600,1159,1,0,2,0,2,TA,5,Typ,0,Gd,Attchd,1980.0,Unf,3,245,,TA,Y,220,183,3,0,27,0,,,,,3,2009,WD,Partial,HdBoard,Wd Sdng,AllPub,262674.0
85,70,RM,50.0,9181.0,CollgCr,IR1,Sev,7,3,1973,1965,,0.0,Ex,Gd,Ex,Gd,No,Unf,950,591,4,TA,Y,SBrkr,1046,1200,3190,1,0,2,1,1,TA,10,Typ,2,,Detchd,2005.0,,1,315,TA,TA,Y,62,249,143,0,27,500,,MnPrv,,,10,2006,WD,Normal,HdBoard,HdBoard,AllPub,246999.0
86,70,RM,77.0,8016.0,Somerst,Reg,Mod,6,5,1901,1996,BrkFace,0.0,Gd,Fa,TA,TA,No,ALQ,838,990,1275,TA,Y,SBrkr,1454,1200,3429,0,1,2,0,3,Gd,3,Mod,0,,Detchd,2005.0,Unf,3,116,TA,Gd,N,290,207,70,0,1,0,,,,,11,2007,WD,Normal,Wd Sdng,VinylSd,AllPub,275911.0
87,70,RL,67.0,8740.0,OldTown,IR2,Mod,4,8,1943,1976,,0.0,Ex,Fa,Gd,TA,No,Unf,976,330,195,Gd,Y,SBrkr,1182,900,4519,1,0,3,1,3,TA,7,Mod,2,Gd,Attchd,,Fin,3,450,TA,TA,Y,104,44,124,0,94,0,,,,,12,2009,New,Normal,Wd Sdng,Wd Sdng,AllPub,313837.0
88,60,RM,73.0,9111.0,CollgCr,IR2,Mod,6,8,1976,1980,,200.0,Fa,Gd,TA,TA,No,GLQ,883,805,1146,Gd,Y,SBrkr,682,600,4486,1,1,2,0,2,Gd,9,Typ,0,,Attchd,1980.0,RFn,2,675,TA,TA,Y,267,45,119,0,137,0,,,,,3,2006,WD,Abnorml,HdBoard,Wd Sdng,AllPub,355350.0
89,120,RL,77.0,8725.0,Somerst,IR2,Gtl,5,5,1925,1959,BrkFace,100.0,Fa,Gd,TA,Gd,Av,Unf,1198,83,512,TA,Y,SBrkr,1806,900,2154,0,0,2,0,2,Gd,8,Mod,2,,Detchd,1980.0,,2,876,TA,TA,Y,92,143,176,0,118,0,,,,,1,2006,WD,Normal,Wd Sdng,VinylSd,AllPub,207315.0
90,60,RL,46.0,9209.0,OldTown,Reg,Sev,3,3,1994,2000,Stone,200.0,TA,TA,TA,TA,No,Unf,330,35,1037,Gd,Y,SBrkr,1389,0,3220,1,1,3,1,5,TA,3,Typ,1,Gd,Detchd,,Fin,0,897,TA,TA,Y,217,29,83,0,33,0,,,Shed,,10,2008,WD,Normal,Wd Sdng,Wd Sdng,AllPub,207597.0
91,60,RL,49.0,4387.0,NAmes,Reg,Sev,5,7,1905,2003,,0.0,Ex,TA,Ex,,No,Unf,826,745,1942,Ex,Y,SBrkr,1608,900,2524,0,1,1,1,5,Gd,8,Typ,2,Gd,Attchd,1995.0,RFn,2,675,TA,TA,Y,228,156,167,0,13,0,,,,,5,2010,WD,Partial,Wd Sdng,VinylSd,AllPub,246340.0
92,120,RL,98.0,10222.0,CollgCr,IR2,Sev,6,8,1946,1971,Stone,0.0,TA,TA,Gd,TA,Av,GLQ,849,439,1198,TA,Y,SBrkr,698,900,2649,0,0,3,1,1,Gd,5,Min1,1,Gd,Detchd,2005.0,Unf,0,357,TA,TA,Y,70,115,132,0,15,0,,,,,2,2006,WD,Normal,VinylSd,HdBoard,AllPub,220751.0
93,60,RL,76.0,5876.0,OldTown,IR2,Mod,5,7,1906,1974,Stone,0.0,Gd,Gd,Ex,TA,No,Unf,605,708,1293,TA,Y,SBrkr,1669,900,4370,0,1,2,1,5,Gd,5,Typ,2,Gd,Attchd,2005.0,,3,367,,TA,Y,158,146,39,0,111,0,,,,,3,2007,WD,Normal,VinylSd,Wd Sdng,AllPub,311627.0
94,20,RL,72.0,4675.0,NAmes,IR2,Sev,8,5,1997,1974,,,Gd,TA,Ex,TA,No,Unf,58,486,220,TA,Y,SBrkr,691,900,1612,0,1,3,0,2,Gd,9,Min1,0,,Detchd,1980.0,Fin,2,723,TA,TA,Y,222,142,25,0,51,0,,,,,3,2008,WD,Normal,HdBoard,VinylSd,AllPub,208647.0
95,70,RL,69.0,13554.0,CollgCr,Reg,Gtl,5,7,1902,1950,,200.0,TA,Fa,TA,,Av,Unf,1091,895,319,Gd,Y,SBrkr,989,900,3818,1,0,3,1,5,Gd,9,Typ,0,,Detchd,,RFn,1,534,TA,TA,Y,97,58,67,0,66,0,,,,,8,2009,WD,Normal,VinylSd,HdBoard,AllPub,255722.0
96,70,RL,77.0,6090.0,NAmes,IR2,Gtl,5,4,1990,1966,BrkFace,0.0,TA,Gd,Gd,TA,No,GLQ,989,315,255,TA,Y,SBrkr,756,600,4572,1,1,3,1,5,Ex,5,Mod,1,Gd,Attchd,1995.0,Unf,1,819,TA,TA,Y,373,157,44,0,29,500,,MnPrv,,,9,2007,WD,Normal,HdBoard,VinylSd,AllPub,317954.0
97,20,RL,47.0,9452.0,NAmes,Reg,Gtl,10,8,1904,1993,,100.0,Gd,TA,TA,TA,No,ALQ,846,323,121,Ex,Y,FuseA,820,1200,4266,0,1,3,1,2,Gd,9,Mod,2,TA,Detchd,1995.0,Fin,0,622,TA,TA,N,264,298,171,0,62,0,,,,,7,2006,New,Normal,VinylSd,VinylSd,AllPub,331849.0
98,20,FV,50.0,7103.0,NAmes,IR2,Gtl,4,8,1984,1992,,0.0,Ex,Fa,Gd,TA,No,Unf,796,986,1111,Ex,Y,FuseA,727,0,4153,0,1,1,0,5,TA,6,Min1,0,,Attchd,2005.0,Unf,2,867,TA,TA,Y,341,125,57,0,54,0,,MnPrv,,,8,2008,WD,Normal,Wd Sdng,HdBoard,AllPub,304905.0
99,60,RL,96.0,7306.0,CollgCr,IR2,Mod,5,4,1989,1999,BrkFace,200.0,TA,TA,Gd,Gd,No,Unf,20,682,1035,Ex,Y,SBrkr,934,1200,1111,1,0,1,1,5,Gd,8,Mod,0,TA,Attchd,1995.0,Fin,3,265,TA,TA,Y,38,151,185,0,68,500,,MnPrv,,,11,2007,WD,Normal,VinylSd,VinylSd,AllPub,211603.0
100,120,RM,73.0,10354.0,OldTown,Reg,Mod,6,6,1939,2006,Stone,,Fa,Fa,TA,TA,,ALQ,233,660,392,Gd,Y,SBrkr,1148,0,3728,1,0,3,0,1,TA,11,Typ,2,,,1995.0,RFn,0,604,,TA,Y,104,240,70,0,50,0,,,,,7,2009,WD,Partial,Wd Sdng,HdBoard,AllPub,245383.0
101,60,RM,87.0,6539.0,OldTown,IR1,Gtl,10,7,1984,1957,,0.0,Ex,TA,TA,TA,,Unf,188,666,24,TA,Y,SBrkr,512,0,2859,1,1,2,0,2,Gd,10,Min1,0,Gd,Attchd,1980.0,RFn,2,852,TA,Gd,Y,344,211,151,0,140,0,,,,,2,2010,WD,Normal,HdBoard,HdBoard,AllPub,284013.0
102,120,RL,58.0,10015.0,Somerst,Reg,Gtl,4,4,1986,1954,,200.0,TA,Fa,Ex,TA,No,,398,880,1122,Gd,Y,SBrkr,1506,600,993,0,0,3,1,3,TA,4,Typ,1,,Attchd,1995.0,Unf,0,591,TA,TA,Y,19,138,172,0,39,500,,MnPrv,,,10,2006,New,Normal,Wd Sdng,VinylSd,AllPub,125581.0
103,60,RL,98.0,10039.0,NAmes,IR1,Mod,6,8,1924,1976,Stone,100.0,Gd,Fa,Ex,TA,,Unf,42,50,720,TA,Y,SBrkr,1496,0,3451,1,0,1,0,5,TA,3,Mod,0,Gd,Attchd,2005.0,RFn,2,453,TA,TA,N,306,94,102,0,25,0,,,,,1,2010,WD,Normal,VinylSd,HdBoard,AllPub,283492.0
104,20,RM,77.0,12700.0,NAmes,IR2,Gtl,7,7,1967,1985,BrkFace,100.0,Gd,TA,Gd,TA,Av,ALQ,35,124,1499,Gd,Y,SBrkr,985,900,1388,0,1,1,0,4,TA,10,Typ,2,TA,Attchd,1995.0,RFn,2,398,TA,Gd,Y,241,48,198,0,13,0,,,,,2,2007,WD,Normal,HdBoard,VinylSd,AllPub,195047.0
105,120,RL,80.0,8096.0,NAmes,IR1,Sev,3,7,1993,1975,BrkFace,100.0,Gd,Fa,Ex,Gd,No,GLQ,952,894,1188,Gd,Y,SBrkr,1712,900,2881,0,1,2,0,5,TA,6,Mod,0,Gd,Attchd,1980.0,Unf,0,212,TA,TA,Y,8,26,77,0,129,0,,,,,9,2006,WD,Normal,Wd Sdng,VinylSd,AllPub,196569.0
106,120,RM,81.0,12258.0,NAmes,IR1,Gtl,6,5,2004,1982,,100.0,Gd,Gd,TA,TA,Av,Unf,15,541,1616,TA,Y,SBrkr,563,600,2491,1,0,3,1,1,Gd,4,Min1,2,,Attchd,1995.0,Fin,0,145,TA,TA,Y,256,167,4,0,10,500,,MnPrv,,,2,2010,WD,Normal,Wd Sdng,HdBoard,AllPub,193314.0
107,20,RL,54.0,15006.0,CollgCr,IR2,Sev,6,3,1916,1951,BrkFace,100.0,Fa,Fa,TA,TA,No,Unf,1174,637,228,Ex,Y,SBrkr,1810,0,1660,0,0,1,1,3,TA,10,Typ,2,,Attchd,1980.0,RFn,1,406,,TA,Y,153,166,92,0,12,0,,,,,10,2008,WD,Normal,Wd Sdng,Wd Sdng,AllPub,171364.0
108,20,RM,33.0,14415.0,Somerst,Reg,Mod,10,6,1915,2001,,0.0,Gd,TA,TA,TA,Gd,ALQ,512,478,254,Gd,Y,SBrkr,847,900,1309,1,0,1,1,5,TA,5,Typ,2,Gd,Attchd,2005.0,Unf,1,678,TA,TA,Y,291,25,82,0,47,500,,,,,8,2007,New,Partial,VinylSd,HdBoard,AllPub,186471.0
109,70,,49.0,10677.0,OldTown,IR1,Mod,7,4,1954,2003,Stone,0.0,TA,Gd,TA,TA,Gd,ALQ,1069,427,999,Ex,Y,SBrkr,1267,900,1108,1,1,3,0,4,Gd,11,Typ,2,Gd,Attchd,1980.0,RFn,3,158,TA,TA,Y,343,93,168,0,84,500,,,,Grvl,4,2007,WD,Normal,VinylSd,Wd Sdng,AllPub,200476.0
110,60,RL,103.0,10247.0,OldTown,IR2,Mod,4,5,1987,1979,BrkFace,0.0,Gd,Gd,TA,TA,No,GLQ,1071,726,161,TA,Y,SBrkr,1371,900,3036,1,0,1,1,4,Gd,5,Mod,1,,Attchd,1980.0,Unf,2,39,TA,TA,Y,242,235,87,0,26,0,Ex,,,,10,2010,WD,Normal,HdBoard,VinylSd,AllPub,230852.0
111,70,RL,96.0,21054.0,CollgCr,IR1,Sev,7,8,1911,1977,Stone,0.0,Gd,TA,TA,TA,No,ALQ,269,469,1361,TA,Y,SBrkr,950,900,2393,0,0,1,0,4,TA,5,Mod,1,TA,Attchd,1980.0,RFn,0,101,TA,TA,Y,117,183,125,0,19,0,,MnPrv,,,6,2008,WD,Normal,Wd Sdng,VinylSd,AllPub,247803.0
112,20,RL,63.0,17495.0,Somerst,Reg,Sev,8,3,1948,1988,,0.0,Ex,Gd,TA,Gd,No,,503,396,85,TA,Y,SBrkr,1789,600,1217,1,0,1,1,4,Ex,4,Typ,2,,Detchd,2005.0,,2,473,TA,TA,Y,321,240,113,0,41,0,,,,Grvl,2,2010,WD,Normal,VinylSd,Wd Sdng,AllPub,204636.0
113,120,RM,64.0,7115.0,Somerst,IR1,Mod,9,4,2003,1983,,0.0,Fa,TA,TA,TA,Av,ALQ,327,397,1133,Gd,Y,SBrkr,1067,600,3329,0,0,2,1,5,Gd,5,Typ,1,Gd,Detchd,2005.0,Fin,0,320,TA,TA,Y,124,178,173,0,137,0,,,,Grvl,10,2009,New,Normal,HdBoard,HdBoard,AllPub,326321.0
114,60,RL,91.0,11814.0,CollgCr,IR2,Mod,4,7,1927,1968,BrkFace,0.0,Ex,TA,Gd,TA,Av,ALQ,594,895,956,TA,Y,SBrkr,2055,900,3249,0,0,3,0,1,TA,11,Mod,2,,Attchd,1995.0,RFn,3,105,,TA,Y,175,165,124,0,102,0,,,,,3,2009,WD,Abnorml,Wd Sdng,HdBoard,AllPub,244379.0
115,120,RL,67.0,10728.0,OldTown,IR2,Gtl,4,7,1968,1988,,200.0,Fa,TA,TA,TA,Av,GLQ,1131,652,629,Gd,Y,SBrkr,2078,900,2816,0,1,3,0,3,Gd,10,Typ,2,,Detchd,2005.0,Unf,3,233,TA,TA,Y,361,253,88,0,100,0,,,,,6,2009,WD,Normal,HdBoard,VinylSd,AllPub,218581.0
116,120,RL,44.0,9152.0,CollgCr,IR2,Sev,6,7,1903,1987,BrkFace,0.0,Ex,TA,TA,TA,No,ALQ,773,871,282,TA,Y,SBrkr,1469,1200,1521,1,1,1,1,2,Gd,7,Mod,1,,Attchd,,RFn,1,289,TA,TA,Y,26,228,199,0,8,500,,,,,7,2007,WD,Normal,VinylSd,Wd Sdng,AllPub,185797.0
117,70,RM,95.0,9377.0,CollgCr,Reg,Gtl,3,6,1972,2006,Stone,100.0,TA,Gd,TA,Gd,Av,GLQ,638,506,1036,TA,N,SBrkr,2067,0,4550,0,0,1,1,4,Gd,7,Mod,0,,Attchd,,RFn,0,424,TA,TA,Y,163,181,104,0,74,0,,MnPrv,Shed,,10,2010,WD,Normal,VinylSd,HdBoard,AllPub,293580.0
118,20,RL,80.0,10367.0,CollgCr,IR1,Gtl,8,4,2002,2000,BrkFace,0.0,TA,Gd,TA,Gd,Av,GLQ,700,137,1653,TA,Y,SBrkr,1547,900,907,1,0,1,0,5,Gd,7,Min1,2,,Attchd,,Unf,1,160,TA,,Y,18,199,37,0,82,500,,,,,12,2010,,Normal,VinylSd,VinylSd,AllPub,217318.0
119,120,RL,20.0,11863.0,Somerst,IR2,Gtl,10,8,1992,1950,,200.0,TA,Gd,TA,TA,No,ALQ,271,23,1932,Ex,Y,SBrkr,1204,600,3853,1,0,2,1,3,TA,9,Min1,1,,Attchd,1980.0,,0,446,TA,TA,Y,142,90,44,0,5,500,,,,Grvl,4,2006,WD,Partial,VinylSd,VinylSd,AllPub,373543.0
120,20,RM,64.0,9563.0,Somerst,IR2,Gtl,6,6,1904,1957,Stone,200.0,Ex,TA,TA,Gd,No,Unf,117,341,465,Ex,Y,SBrkr,1032,1200,2447,0,1,3,1,2,Gd,4,Mod,0,,Attchd,1995.0,Unf,0,490,Gd,TA,N,252,214,54,0,144,0,,,,Grvl,9,2007,WD,Normal,HdBoard,HdBoard,AllPub,183473.0
121,70,RL,73.0,9916.0,Somerst,IR1,Gtl,8,3,1955,1991,BrkFace,0.0,TA,Fa,Gd,TA,Av,ALQ,174,581,1557,Ex,Y,SBrkr,1929,600,638,1,0,2,0,3,Gd,4,Mod,2,Gd,Detchd,2005.0,,1,329,TA,TA,Y,260,235,113,0,118,0,,,,,1,2006,WD,Normal,HdBoard,HdBoard,NoSeWa,196844.0
122,60,RL,80.0,13598.0,NAmes,IR1,Sev,5,3,1994,1990,,0.0,Gd,TA,TA,TA,No,ALQ,708,268,894,Ex,Y,SBrkr,1439,900,3860,1,0,3,1,1,Gd,6,Mod,0,Gd,Detchd,1980.0,Fin,0,549,TA,TA,Y,307,181,24,0,91,500,,MnPrv,,,12,2010,WD,Normal,Wd Sdng,VinylSd,AllPub,273723.0
123,120,RM,73.0,9851.0,CollgCr,Reg,Mod,10,4,1998,1980,BrkFace,0.0,Fa,TA,Ex,TA,Av,Unf,692,805,254,Ex,Y,SBrkr,1073,600,1171,0,0,1,1,1,TA,11,Min1,2,,Detchd,1980.0,,3,417,TA,Gd,Y,81,259,36,0,138,0,,,,,7,2008,WD,Normal,VinylSd,Wd Sdng,AllPub,189650.0
124,20,RL,57.0,10546.0,CollgCr,Reg,Mod,10,8,1941,1957,Stone,100.0,Ex,TA,TA,TA,Mn,ALQ,349,360,559,Gd,Y,SBrkr,1075,1200,3477,0,0,3,1,5,TA,5,Mod,0,,Attchd,1995.0,Fin,0,860,,Gd,Y,249,181,87,0,26,0,,,,,10,2007,WD,Abnorml,HdBoard,HdBoard,AllPub,295940.0
125,120,RL,68.0,12053.0,Somerst,IR2,Mod,7,4,1932,1985,BrkFace,0.0,TA,TA,TA,TA,No,Unf,528,434,1004,Gd,Y,SBrkr,2164,1200,791,0,1,1,0,4,TA,10,Typ,0,Gd,Detchd,,Unf,0,683,TA,TA,Y,317,282,33,0,61,0,,,,,3,2006,WD,Normal,HdBoard,HdBoard,AllPub,177165.0
126,20,RL,76.0,14618.0,OldTown,IR2,Mod,9,4,1998,1997,,100.0,Ex,Gd,Ex,TA,No,ALQ,40,764,393,Ex,Y,SBrkr,1518,0,3275,0,0,3,0,2,TA,3,Typ,1,,Attchd,1980.0,Unf,3,76,TA,TA,Y,388,209,42,0,91,0,,,,,8,2009,WD,Abnorml,VinylSd,VinylSd,AllPub,345655.0
127,70,RL,65.0,12940.0,Somerst,Reg,Mod,3,3,1950,1979,BrkFace,200.0,TA,Gd,Ex,TA,No,Unf,123,733,1207,TA,Y,FuseA,1511,600,3900,0,0,3,0,1,Ex,4,Mod,1,,Attchd,1995.0,Fin,2,415,,TA,P,110,183,154,0,54,0,,,,,3,2007,WD,Normal,Wd Sdng,HdBoard,AllPub,291475.0
128,70,RL,63.0,10028.0,Somerst,IR1,Gtl,6,4,1934,1981,Stone,0.0,Gd,Fa,Ex,Gd,Mn,ALQ,34,184,1883,TA,Y,SBrkr,500,600,1460,1,0,1,0,1,TA,9,Min1,1,,Attchd,2005.0,,1,329,TA,,Y,136,181,161,0,102,0,,,,,3,2008,WD,Partial,HdBoard,Wd Sdng,AllPub,193289.0
129,120,RL,95.0,9531.0,NAmes,IR2,Gtl,6,6,1993,1995,BrkFace,100.0,TA,Gd,Gd,Gd,Av,ALQ,538,686,1706,TA,Y,SBrkr,753,1200,1869,1,1,3,1,4,Gd,10,Mod,2,,Detchd,2005.0,RFn,1,462,TA,TA,N,344,218,60,0,10,0,,,,,6,2007,WD,Normal,VinylSd,VinylSd,AllPub,220330.0
130,60,RL,51.0,6204.0,Somerst,Reg,Mod,3,8,1973,1987,Stone,200.0,Ex,Fa,Gd,TA,Gd,ALQ,452,59,144,Ex,Y,SBrkr,1560,1200,3270,0,0,2,0,2,Gd,6,Typ,1,TA,Attchd,2005.0,RFn,3,100,TA,TA,Y,298,82,71,0,101,0,,,Shed,,8,2007,WD,Normal,Wd Sdng,HdBoard,AllPub,232214.0
131,120,FV,63.0,9775.0,OldTown,Reg,Gtl,9,8,1974,1963,Stone,,Fa,Gd,TA,TA,No,Unf,1198,235,405,Ex,Y,SBrkr,1562,900,1350,1,0,1,1,3,Ex,10,Mod,0,Gd,Detchd,1980.0,,0,515,TA,TA,Y,55,244,27,0,141,0,,,,,2,2006,WD,Partial,HdBoard,VinylSd,AllPub,193879.0
132,70,RL,29.0,6561.0,NAmes,IR1,Gtl,5,4,1940,1974,,200.0,Ex,Fa,TA,,Mn,Unf,1002,546,1464,Gd,N,,1235,600,676,0,0,1,1,2,TA,6,Min1,1,,Attchd,1995.0,Fin,2,870,TA,TA,Y,234,287,10,0,26,0,,,,,8,2010,New,Normal,HdBoard,VinylSd,AllPub,173724.0
133,120,RL,81.0,6587.0,Somerst,IR2,Gtl,3,6,1996,2008,,,TA,Gd,TA,TA,Gd,,424,362,164,TA,Y,SBrkr,1242,1200,1907,1,1,1,1,2,TA,8,Min1,2,,Attchd,1980.0,Fin,1,264,TA,TA,Y,138,158,30,0,34,0,,,Shed,,4,2010,WD,Normal,VinylSd,VinylSd,AllPub,148258.0
134,20,RL,87.0,10885.0,Somerst,Reg,Sev,4,7,1936,1979,,,Gd,TA,TA,TA,No,GLQ,31,785,509,Ex,Y,FuseA,2125,900,4364,1,0,1,0,4,Gd,11,Mod,1,,Attchd,,Unf,3,355,TA,Gd,P,3,7,134,0,107,0,,,,,1,2008,WD,Normal,HdBoard,HdBoard,AllPub,285226.0
135,120,RL,81.0,8689.0,OldTown,Reg,Mod,9,3,1961,1998,BrkFace,0.0,Gd,Gd,TA,TA,Av,Unf,224,594,1640,Ex,Y,FuseA,1906,0,2166,0,1,1,1,2,Gd,7,Mod,0,Gd,Attchd,1995.0,Fin,0,843,TA,TA,Y,36,163,45,0,1,0,,MnPrv,,,1,2009,WD,Normal,VinylSd,VinylSd,AllPub,243899.0
136,120,RM,88.0,10318.0,Somerst,Reg,Mod,8,3,1971,1960,BrkFace,100.0,Gd,Fa,TA,TA,Av,GLQ,1174,101,204,Ex,Y,SBrkr,1886,600,4163,1,0,1,0,4,TA,4,Typ,1,TA,Attchd,2005.0,Fin,2,22,TA,TA,Y,13,173,98,0,121,500,,,,,4,2009,WD,Normal,VinylSd,HdBoard,AllPub,323158.0
137,20,RM,79.0,7420.0,CollgCr,IR2,Gtl,6,6,1954,1963,BrkFace,0.0,Fa,Fa,Ex,TA,Gd,Unf,923,675,1354,Ex,Y,SBrkr,1884,600,2604,1,1,2,1,5,TA,10,Min1,1,Gd,,1995.0,Fin,0,895,TA,TA,Y,357,17,119,0,139,0,,MnPrv,,,12,2009,WD,Normal,VinylSd,HdBoard,AllPub,216289.0
138,60,RL,77.0,12841.0,CollgCr,IR1,Gtl,8,6,1985,2000,BrkFace,0.0,Ex,Fa,Ex,TA,No,Unf,376,835,338,TA,Y,SBrkr,1281,600,1113,0,1,3,0,5,TA,10,Min1,0,Gd,Attchd,,,0,301,TA,TA,P,142,170,85,0,22,0,,MnPrv,,,1,2007,WD,Normal,VinylSd,Wd Sdng,AllPub,163420.0
139,70,RL,79.0,9350.0,Somerst,Reg,Gtl,8,3,1978,1959,BrkFace,0.0,Fa,TA,Gd,TA,No,Unf,361,659,363,Ex,Y,SBrkr,997,900,4430,0,1,2,0,2,Gd,6,Typ,1,,,1980.0,Fin,1,564,TA,Gd,Y,130,88,38,0,62,0,,,,,3,2009,WD,Normal,VinylSd,Wd Sdng,AllPub,303238.0
140,20,RL,65.0,12789.0,OldTown,IR1,Sev,7,7,1915,1965,Stone,,Gd,TA,TA,TA,Av,Unf,273,160,761,Gd,N,,920,900,4248,0,1,2,0,5,TA,5,Min1,0,Gd,Attchd,1980.0,RFn,0,409,TA,TA,Y,396,0,148,0,72,0,,,,,1,2010,WD,Normal,VinylSd,VinylSd,AllPub,315671.0
141,70,RL,94.0,10960.0,Somerst,IR1,Sev,9,3,1962,1968,BrkFace,100.0,TA,Fa,TA,TA,Av,GLQ,520,747,737,TA,Y,SBrkr,516,1200,2478,0,0,3,0,2,TA,10,Mod,1,Gd,Attchd,1995.0,Unf,3,811,Gd,TA,Y,32,169,41,0,2,500,,,,,11,2008,WD,Normal,Wd Sdng,Wd Sdng,AllPub,259216.0
142,70,RM,63.0,9410.0,CollgCr,IR1,Mod,3,6,1909,1986,BrkFace,100.0,Ex,Gd,TA,,No,Unf,622,64,1303,Ex,Y,SBrkr,2052,600,1410,0,0,3,1,1,TA,5,Typ,0,TA,Attchd,2005.0,Unf,1,268,TA,TA,Y,138,253,198,0,92,0,,,,Grvl,11,2009,WD,Normal,HdBoard,HdBoard,AllPub,142961.0
143,120,RM,41.0,7758.0,CollgCr,Reg,Sev,9,5,1997,1998,Stone,0.0,Ex,Gd,TA,TA,Gd,Unf,660,300,789,Gd,Y,SBrkr,1110,1200,2642,0,1,1,0,3,Ex,3,Typ,1,,Detchd,1995.0,Fin,3,299,TA,TA,Y,114,55,26,0,139,0,,,,,7,2008,WD,Normal,HdBoard,VinylSd,AllPub,264050.0
144,120,RL,87.0,9040.0,NAmes,Reg,Mod,10,8,1926,1991,,0.0,TA,TA,Ex,TA,No,Unf,91,567,1374,TA,Y,SBrkr,2095,0,2667,0,0,2,0,1,Gd,3,Typ,0,TA,Detchd,1995.0,Fin,1,51,TA,TA,Y,319,242,179,0,44,500,,,,,4,2009,New,Normal,VinylSd,VinylSd,AllPub,316344.0
145,60,RL,107.0,11480.0,Somerst,IR2,Mod,7,4,1980,1985,BrkFace,200.0,Gd,Fa,TA,TA,Gd,Unf,201,462,1890,Ex,Y,SBrkr,1838,900,3930,1,1,1,0,2,TA,3,Min1,0,,,2005.0,Unf,0,134,Gd,TA,Y,215,75,184,0,89,0,,,,,7,2010,WD,Partial,VinylSd,HdBoard,AllPub,310794.0
146,60,RL,51.0,11040.0,CollgCr,IR2,Gtl,3,6,1916,1968,,0.0,Gd,Fa,TA,TA,Mn,Unf,164,744,235,Gd,Y,SBrkr,2032,900,1146,1,1,1,1,5,TA,10,Mod,1,Gd,Attchd,1995.0,,1,812,TA,TA,Y,14,284,51,0,17,0,,,,,10,2008,WD,Normal,VinylSd,HdBoard,AllPub,77328.0
147,60,RL,68.0,6256.0,NAmes,IR2,Gtl,9,3,1912,1967,BrkFace,0.0,Gd,TA,Gd,Gd,No,GLQ,799,457,921,TA,Y,SBrkr,579,1200,3370,0,0,3,0,4,Gd,8,Mod,2,Gd,Detchd,1995.0,Unf,3,804,TA,TA,Y,285,264,195,0,47,0,,,,,7,2009,WD,Normal,HdBoard,HdBoard,AllPub,300899.0
148,120,RL,56.0,12182.0,Somerst,Reg,Mod,7,5,1926,1957,Stone,0.0,TA,Fa,,TA,Mn,Unf,873,1,839,Gd,Y,SBrkr,2089,600,3451,1,1,2,1,5,Ex,3,Mod,2,TA,Detchd,2005.0,Unf,1,762,TA,TA,Y,25,155,196,0,37,0,,,Shed,,6,2008,WD,Partial,Wd Sdng,VinylSd,AllPub,270517.0
149,20,RL,62.0,8399.0,CollgCr,Reg,Gtl,3,7,1928,1992,Stone,0.0,TA,TA,Ex,TA,No,GLQ,52,533,1261,Ex,Y,SBrkr,638,0,3576,1,0,3,0,2,Gd,7,Mod,2,,Detchd,2005.0,Unf,3,346,TA,,Y,151,239,9,0,107,500,,,,,10,2007,WD,Normal,HdBoard,Wd Sdng,AllPub,302953.0
150,60,,71.0,11437.0,OldTown,Reg,Mod,6,4,2001,1959,Stone,0.0,TA,Gd,Gd,TA,Gd,Unf,716,315,232,Ex,Y,SBrkr,634,600,3684,1,0,1,0,2,TA,3,Min1,0,,Attchd,1995.0,Unf,3,258,TA,Gd,Y,88,150,18,0,102,0,,,,,8,2007,WD,Normal,HdBoard,VinylSd,AllPub,279212.0
151,20,FV,45.0,7264.0,Somerst,IR2,Gtl,3,8,2008,1984,Stone,200.0,TA,TA,TA,,Gd,GLQ,56,117,504,Gd,Y,SBrkr,960,900,2556,0,0,1,0,4,TA,9,Mod,0,TA,Attchd,2005.0,Fin,0,195,TA,TA,Y,75,2,52,0,72,0,,MnPrv,,,6,2006,WD,Normal,VinylSd,VinylSd,AllPub,213073.0
152,60,RL,64.0,10844.0,NAmes,IR1,Mod,5,6,1999,1958,BrkFace,200.0,Fa,Gd,Gd,TA,No,GLQ,479,132,374,Ex,Y,SBrkr,1825,600,3403,0,1,3,0,5,Ex,10,Mod,2,TA,Detchd,1995.0,RFn,2,70,TA,TA,P,140,1,17,0,60,0,,,,,7,2006,WD,Normal,VinylSd,VinylSd,AllPub,263681.0
153,120,RL,41.0,7052.0,Somerst,IR1,Mod,7,6,1914,1996,Stone,0.0,Ex,Fa,Ex,,,ALQ,97,351,317,Ex,Y,SBrkr,1946,600,1900,1,0,3,0,2,TA,3,Typ,0,,Attchd,2005.0,Fin,3,752,TA,TA,Y,264,218,185,0,117,500,,,,,3,2006,WD,Normal,Wd Sdng,HdBoard,AllPub,213174.0
154,70,RL,59.0,9310.0,OldTown,IR2,Sev,10,7,1967,1979,,100.0,Gd,TA,TA,,No,Unf,707,542,462,Ex,Y,SBrkr,1304,0,1219,0,1,1,0,4,Gd,11,Min1,0,,Detchd,,RFn,1,425,TA,Gd,Y,22,167,10,0,34,500,,,,,12,2009,WD,Normal,VinylSd,Wd Sdng,AllPub,219090.0
155,60,RL,46.0,8189.0,OldTown,IR1,Sev,10,8,1975,1994,BrkFace,0.0,Fa,Fa,Gd,TA,No,GLQ,1159,69,343,TA,Y,SBrkr,671,600,4484,1,1,2,1,4,,11,Typ,2,,,1995.0,RFn,1,130,TA,Gd,Y,62,221,66,0,122,0,,,,,5,2009,WD,Normal,Wd Sdng,VinylSd,AllPub,379968.0
156,120,RL,49.0,8220.0,OldTown,Reg,Mod,5,5,1999,1970,,200.0,TA,Fa,Gd,TA,,GLQ,372,775,1872,Gd,Y,SBrkr,1150,600,2174,1,1,3,1,2,Gd,7,Typ,1,Gd,Attchd,1980.0,RFn,1,363,TA,,Y,288,163,186,0,79,0,,,,,4,2010,WD,Normal,HdBoard,HdBoard,AllPub,244302.0
157,70,RM,36.0,7555.0,OldTown,Reg,Gtl,5,5,1909,1962,BrkFace,0.0,TA,TA,Ex,TA,No,Unf,208,81,705,Gd,Y,SBrkr,508,0,1234,0,1,3,1,1,Gd,11,Typ,1,Gd,,2005.0,Fin,2,730,TA,TA,Y,153,57,114,0,142,500,,,,Grvl,6,2010,WD,Normal,VinylSd,HdBoard,AllPub,124546.0
158,120,FV,94.0,8552.0,Somerst,IR2,Gtl,7,8,1932,1959,,200.0,Gd,Gd,TA,TA,,GLQ,724,570,558,Gd,Y,FuseA,1700,0,3658,0,1,2,1,4,Gd,6,Typ,0,,Detchd,1980.0,Fin,1,381,TA,TA,Y,317,108,9,0,128,500,,,,,6,2007,WD,Normal,HdBoard,VinylSd,AllPub,282012.0
159,20,RL,80.0,5312.0,Somerst,IR1,Gtl,8,6,1996,1993,BrkFace,,TA,Fa,TA,TA,No,GLQ,683,515,899,Ex,Y,SBrkr,2143,600,4123,0,0,1,0,3,Gd,4,Mod,1,,Attchd,1995.0,RFn,2,631,Gd,TA,Y,158,213,141,0,104,500,,MnPrv,Shed,,4,2006,WD,Normal,VinylSd,Wd Sdng,AllPub,327295.0
160,60,RL,32.0,11649.0,OldTown,Reg,Gtl,4,7,1910,2004,BrkFace,200.0,Gd,Gd,TA,TA,Gd,Unf,692,260,382,Gd,Y,SBrkr,962,900,2090,1,1,3,1,3,TA,9,Typ,2,TA,Attchd,2005.0,,3,460,TA,,Y,25,62,39,0,96,0,,,,,5,2007,WD,Normal,VinylSd,VinylSd,AllPub,206737.0
161,120,RM,58.0,11950.0,NAmes,IR2,Sev,6,5,1950,1956,,0.0,Ex,Gd,TA,TA,No,GLQ,529,995,528,TA,Y,SBrkr,805,600,4505,0,1,2,0,1,Ex,10,Min1,0,TA,Detchd,1980.0,Unf,0,513,TA,TA,Y,134,131,191,0,83,0,,,,,3,2008,WD,Normal,VinylSd,Wd Sdng,AllPub,287863.0
162,120,RL,57.0,7841.0,NAmes,Reg,Gtl,3,6,1940,1965,,0.0,Gd,Gd,Gd,Gd,,ALQ,792,246,1966,TA,Y,SBrkr,883,600,1064,0,0,1,0,2,TA,4,Typ,0,,Attchd,1995.0,Fin,1,432,Gd,TA,Y,16,195,198,0,61,0,,,,,11,2007,WD,Normal,VinylSd,Wd Sdng,AllPub,158661.0
163,60,RL,56.0,5920.0,OldTown,IR2,Mod,8,3,1981,1982,Stone,,Fa,TA,Ex,TA,No,ALQ,1118,802,649,Ex,Y,SBrkr,1384,0,2445,0,1,3,1,5,TA,10,Typ,1,TA,Attchd,2005.0,Fin,2,863,,TA,Y,313,14,87,0,11,500,,,,Grvl,5,2007,WD,Normal,Wd Sdng,VinylSd,AllPub,262305.0
164,60,RL,41.0,7376.0,Somerst,IR2,Mod,9,4,1996,1950,BrkFace,,Gd,Fa,TA,Gd,,GLQ,62,654,1386,Ex,Y,SBrkr,813,1200,2759,1,1,1,1,2,Gd,3,Min1,0,,Attchd,2005.0,RFn,0,479,Gd,TA,Y,257,109,194,0,34,500,,,,,9,2007,WD,Normal,HdBoard,HdBoard,AllPub,276307.0
165,60,RL,85.0,11900.0,NAmes,Reg,Sev,7,7,1907,1984,,,Ex,TA,TA,TA,Mn,Unf,380,364,1806,Gd,Y,SBrkr,605,900,1815,1,0,1,1,5,TA,5,Min1,1,,,,Fin,2,570,Gd,TA,Y,331,99,91,0,8,0,,,,,5,2007,WD,Abnorml,Wd Sdng,HdBoard,AllPub,220107.0
166,70,RL,62.0,10804.0,CollgCr,IR1,Gtl,4,8,1903,1969,BrkFace,0.0,TA,Fa,Gd,Gd,Av,ALQ,841,834,863,Gd,Y,SBrkr,1180,600,3074,0,1,1,0,3,TA,9,Typ,1,,Attchd,1995.0,RFn,3,897,TA,TA,Y,249,157,127,0,3,0,,,,,5,2009,WD,Normal,VinylSd,HdBoard,AllPub,259744.0
167,20,RL,79.0,8184.0,NAmes,Reg,Mod,6,5,1943,1984,BrkFace,0.0,Gd,Fa,Gd,TA,Av,ALQ,911,996,977,Ex,Y,SBrkr,642,1200,1415,1,1,3,1,4,Gd,4,Typ,0,Gd,,1980.0,RFn,2,596,TA,Gd,Y,122,240,178,0,66,0,,,,,8,2006,New,Normal,VinylSd,Wd Sdng,AllPub,174547.0
168,120,RL,81.0,11722.0,OldTown,IR1,Gtl,4,4,1996,1965,Stone,0.0,Gd,Gd,Gd,Gd,Av,Unf,612,558,1912,TA,Y,SBrkr,2063,1200,4284,0,1,3,1,3,Gd,11,Min1,0,TA,Detchd,2005.0,RFn,1,477,TA,TA,Y,342,111,99,0,133,0,,,,,2,2007,WD,Normal,HdBoard,VinylSd,AllPub,341816.0
169,20,FV,98.0,6552.0,Somerst,IR2,Gtl,8,5,1973,1957,BrkFace,0.0,Fa,Fa,TA,Gd,No,Unf,1072,273,889,TA,Y,SBrkr,1893,0,4427,1,0,3,1,3,TA,11,Min1,0,,Detchd,1995.0,RFn,1,265,TA,TA,N,126,184,104,0,117,500,,,,,5,2007,WD,Normal,HdBoard,Wd Sdng,AllPub,367581.0
170,60,RL,34.0,7452.0,OldTown,IR2,Gtl,8,5,1950,1974,Stone,0.0,Ex,Gd,Ex,TA,Av,GLQ,1112,648,1721,Ex,Y,FuseA,1872,0,1267,1,0,2,1,4,TA,8,Min1,0,,Attchd,2005.0,RFn,1,251,TA,TA,Y,265,46,27,0,29,500,,,,,3,2010,WD,Normal,HdBoard,HdBoard,AllPub,209265.0
171,60,RL,105.0,10326.0,Somerst,IR1,Gtl,5,6,1977,1951,BrkFace,0.0,Fa,Gd,Gd,Gd,Mn,ALQ,917,348,130,TA,Y,SBrkr,849,600,805,1,1,1,1,5,Gd,7,Mod,0,,,1980.0,RFn,1,705,TA,TA,Y,213,195,190,0,4,500,,,,,1,2008,WD,Normal,VinylSd,VinylSd,AllPub,129307.0
172,70,RL,95.0,8701.0,Somerst,IR1,Mod,4,5,1981,1964,BrkFace,,Ex,Fa,Ex,Gd,,Unf,1011,445,1860,Gd,Y,,1248,1200,4524,1,0,2,1,3,TA,11,Min1,2,Gd,Detchd,,Unf,3,592,TA,TA,Y,319,11,130,0,79,0,,,,,12,2010,WD,Abnorml,HdBoard,Wd Sdng,AllPub,345472.0
173,70,RL,81.0,7504.0,OldTown,IR1,Sev,3,3,1991,1990,BrkFace,,Fa,TA,TA,Gd,Av,Unf,1073,638,1770,Gd,Y,SBrkr,1876,1200,3613,0,0,2,0,3,TA,7,Min1,1,,Attchd,1980.0,RFn,2,8,TA,TA,Y,157,14,120,0,81,500,,,,,8,2007,WD,Normal,Wd Sdng,Wd Sdng,AllPub,265867.0
174,70,RM,118.0,4215.0,Somerst,IR2,Gtl,9,5,1957,1970,,0.0,Gd,TA,Gd,Gd,No,GLQ,589,630,1279,Ex,Y,SBrkr,1764,0,885,0,0,2,0,5,TA,11,Mod,2,Gd,Detchd,1980.0,RFn,1,280,TA,TA,Y,179,7,33,0,142,0,,,,Grvl,5,2008,WD,Normal,Wd Sdng,Wd Sdng,AllPub,174903.0
175,120,RL,74.0,10953.0,NAmes,Reg,Gtl,4,6,1929,1963,BrkFace,0.0,TA,TA,TA,TA,Av,Unf,349,707,1574,TA,Y,SBrkr,1236,1200,834,0,0,1,1,5,TA,5,Min1,0,Gd,Attchd,2005.0,Unf,3,289,TA,TA,Y,106,199,69,0,40,0,,,,,6,2010,WD,Partial,VinylSd,VinylSd,AllPub,168257.0
176,120,RM,86.0,9869.0,CollgCr,Reg,Gtl,3,5,1909,1983,BrkFace,200.0,Gd,Gd,TA,TA,No,ALQ,761,967,508,TA,Y,SBrkr,1713,0,2859,1,0,3,0,1,Ex,5,Mod,1,TA,Detchd,2005.0,Unf,2,30,TA,TA,Y,239,288,93,0,73,0,,,,,2,2008,WD,Normal,HdBoard,HdBoard,AllPub,190505.0
177,20,RL,55.0,5309.0,NAmes,Reg,Mod,9,8,2000,1963,,0.0,TA,TA,Ex,TA,Gd,Unf,245,362,872,Ex,N,SBrkr,931,0,3233,0,1,1,1,4,Gd,11,Typ,2,,Attchd,1980.0,Unf,2,53,TA,TA,Y,194,276,55,0,142,0,,,Shed,,5,2009,WD,Normal,VinylSd,Wd Sdng,AllPub,321455.0
178,20,RL,93.0,10722.0,NAmes,IR1,Gtl,3,7,1980,1954,,0.0,TA,Fa,TA,TA,No,ALQ,560,806,1638,Ex,Y,SBrkr,545,900,3030,1,0,1,1,2,Gd,8,Min1,0,,Attchd,1980.0,Unf,3,74,Gd,TA,Y,184,191,14,0,103,0,,MnPrv,,,12,2007,WD,Normal,Wd Sdng,VinylSd,AllPub,283496.0
179,20,RL,73.0,8917.0,CollgCr,Reg,Sev,7,3,1979,1974,BrkFace,,Ex,Gd,Ex,Gd,No,GLQ,142,644,1198,Gd,Y,SBrkr,1921,600,607,0,0,1,0,3,Ex,10,Min1,0,,Attchd,,Unf,1,452,TA,TA,Y,381,24,23,0,146,0,,,,,11,2010,WD,Normal,HdBoard,Wd Sdng,AllPub,155671.0
180,70,RL,61.0,9737.0,OldTown,Reg,Gtl,6,7,1914,1954,BrkFace,200.0,Gd,Gd,Gd,TA,No,GLQ,727,8,1646,Gd,Y,FuseA,1727,600,2013,1,1,3,0,3,TA,6,Min1,1,,Detchd,1980.0,RFn,0,886,TA,TA,Y,136,209,29,0,6,0,,,,,2,2010,WD,Normal,VinylSd,VinylSd,AllPub,201750.0
181,120,RL,112.0,11891.0,OldTown,IR1,Gtl,6,7,1942,2005,Stone,0.0,Fa,TA,TA,TA,Mn,ALQ,773,600,1478,Ex,Y,SBrkr,1512,900,1690,1,0,2,0,5,TA,5,Min1,2,,Attchd,,Unf,3,760,TA,TA,Y,234,183,145,0,74,500,,,,,4,2006,WD,Normal,VinylSd,VinylSd,AllPub,210906.0
182,120,RL,64.0,7173.0,NAmes,Reg,Gtl,9,3,2003,1965,Stone,0.0,Fa,TA,Gd,TA,No,GLQ,364,533,1305,Ex,Y,SBrkr,898,0,3472,0,0,2,1,2,TA,9,Min1,2,,Detchd,1995.0,Unf,2,842,TA,TA,N,353,198,36,0,99,0,,,,,6,2006,WD,Normal,HdBoard,Wd Sdng,AllPub,337980.0
183,70,FV,70.0,11093.0,CollgCr,IR1,Sev,9,7,1915,1989,,0.0,Fa,TA,TA,TA,Mn,Unf,1044,941,1717,TA,Y,SBrkr,2050,600,3021,1,0,2,0,4,TA,9,Typ,0,TA,Attchd,2005.0,Fin,0,115,TA,TA,N,214,285,12,0,22,0,,MnPrv,,,10,2006,,Normal,VinylSd,HdBoard,AllPub,309578.0
184,120,RL,66.0,10995.0,NAmes,IR1,Gtl,4,3,1956,1976,BrkFace,0.0,TA,Gd,Gd,Gd,,Unf,602,511,1954,Gd,Y,SBrkr,1604,1200,1609,0,1,3,0,2,Gd,3,Mod,0,TA,Attchd,2005.0,RFn,2,48,TA,,Y,68,253,2,0,49,0,,MnPrv,,,1,2006,WD,Abnorml,Wd Sdng,VinylSd,AllPub,222677.0
185,120,RM,55.0,11254.0,CollgCr,IR2,Mod,7,7,1911,1982,,0.0,Fa,Fa,TA,TA,No,,117,443,440,Ex,Y,,997,900,2858,0,0,1,0,3,TA,7,Min1,0,,Attchd,1980.0,Fin,2,796,TA,TA,Y,190,26,165,0,37,0,,,,,12,2009,WD,Partial,VinylSd,VinylSd,AllPub,259362.0
186,20,RM,81.0,14629.0,NAmes,IR1,Sev,3,5,1970,1982,BrkFace,0.0,TA,Fa,TA,TA,No,GLQ,35,85,811,TA,Y,SBrkr,993,900,4493,0,0,3,0,1,Gd,10,Min1,1,Gd,Detchd,2005.0,RFn,3,607,TA,TA,Y,284,100,97,0,126,0,,MnPrv,,,1,2006,WD,Normal,VinylSd,VinylSd,AllPub,288621.0
187,20,RL,85.0,10912.0,Somerst,IR2,Mod,3,8,2007,1999,BrkFace,200.0,Fa,Fa,TA,TA,Gd,ALQ,436,526,1074,Gd,Y,SBrkr,976,900,2137,1,1,2,0,3,TA,7,Typ,2,,Detchd,1995.0,Fin,3,789,TA,TA,Y,72,156,159,0,52,0,,,,,6,2009,WD,Normal,Wd Sdng,HdBoard,AllPub,220662.0
188,120,RL,77.0,7567.0,OldTown,IR1,Gtl,6,8,1901,1968,BrkFace,200.0,Ex,TA,TA,TA,No,Unf,669,824,779,Ex,Y,SBrkr,1557,1200,970,0,0,1,1,5,Ex,9,Mod,2,Gd,Detchd,1980.0,Fin,3,214,TA,TA,Y,226,221,76,0,30,0,,MnPrv,,,6,2007,WD,Normal,VinylSd,Wd Sdng,AllPub,184907.0
189,20,RM,23.0,15360.0,NAmes,IR1,Gtl,6,3,1937,1976,BrkFace,100.0,TA,Fa,TA,,No,ALQ,1087,864,1049,Ex,Y,SBrkr,773,1200,4175,0,1,2,1,4,Gd,10,Mod,2,,Attchd,2005.0,RFn,0,849,TA,TA,Y,395,18,24,0,100,0,,,,,5,2010,WD,Normal,HdBoard,HdBoard,AllPub,344637.0
190,120,RL,90.0,6424.0,Somerst,Reg,Sev,6,7,1915,1951,,0.0,Ex,Fa,Gd,TA,No,Unf,566,429,1764,Gd,Y,FuseA,2192,0,2018,1,1,2,1,2,TA,8,Mod,2,,,2005.0,Unf,3,236,TA,TA,Y,394,179,117,0,18,0,,MnPrv,,,11,2009,WD,Normal,VinylSd,HdBoard,AllPub,258290.0
191,120,RM,63.0,7795.0,OldTown,IR2,Mod,7,4,2002,1963,BrkFace,100.0,Fa,Fa,Gd,Gd,No,Unf,759,331,212,TA,Y,SBrkr,1071,600,2999,0,1,1,0,2,TA,6,Mod,0,,Detchd,1995.0,RFn,0,682,TA,TA,Y,294,250,61,0,60,0,,,,,1,2008,WD,Normal,HdBoard,HdBoard,AllPub,255310.0
192,120,RM,46.0,6705.0,NAmes,IR1,Sev,6,6,1989,2004,Stone,0.0,Gd,Fa,Ex,TA,No,Unf,283,699,694,TA,Y,SBrkr,898,0,1098,0,0,1,0,3,TA,10,Typ,0,,Detchd,1995.0,Fin,3,837,TA,TA,N,293,212,181,0,60,0,,,,,10,2010,WD,Normal,HdBoard,HdBoard,AllPub,202399.0
193,60,RL,82.0,8683.0,OldTown,Reg,Gtl,4,5,1999,1974,BrkFace,,Gd,Fa,Gd,TA,No,GLQ,18,788,1180,Gd,Y,SBrkr,1527,1200,2023,0,1,3,0,1,Ex,5,Typ,1,,Detchd,,Fin,3,128,TA,TA,Y,375,209,1,0,125,500,,,,,4,2010,WD,Normal,HdBoard,HdBoard,AllPub,223478.0
194,20,FV,81.0,12390.0,CollgCr,Reg,Sev,4,5,1906,1967,,,TA,Gd,Gd,TA,Av,GLQ,994,259,1939,Ex,Y,SBrkr,1326,0,2362,0,0,3,0,4,TA,8,Typ,2,,Detchd,2005.0,RFn,1,158,TA,TA,Y,108,224,49,0,64,0,,MnPrv,,,11,2009,WD,Normal,HdBoard,HdBoard,AllPub,223403.0
195,70,RM,49.0,13218.0,NAmes,Reg,Gtl,4,7,2005,2001,Stone,100.0,Gd,Gd,Ex,,No,Unf,1053,475,1605,TA,Y,SBrkr,831,900,3846,1,0,3,0,3,TA,3,Mod,1,,Attchd,1980.0,Unf,0,242,TA,TA,Y,82,161,79,0,56,0,,,,,12,2006,WD,Abnorml,VinylSd,Wd Sdng,AllPub,267509.0
196,120,RL,119.0,10291.0,CollgCr,IR2,Sev,8,7,1904,1980,BrkFace,0.0,Ex,TA,Ex,TA,No,Unf,985,947,1806,TA,Y,SBrkr,1790,0,4375,1,0,2,1,5,TA,10,Min1,2,Gd,,1995.0,Unf,3,704,,,Y,154,255,127,0,88,500,,,,,6,2010,WD,Normal,HdBoard,HdBoard,AllPub,361256.0
197,60,RM,46.0,7459.0,NAmes,IR1,Mod,9,5,1986,1988,BrkFace,0.0,Ex,TA,TA,TA,No,GLQ,309,193,376,Gd,Y,SBrkr,1927,900,3472,1,0,1,0,5,Gd,6,Min1,2,,Attchd,1995.0,Fin,2,852,,Gd,Y,107,271,151,0,68,0,,,,,10,2008,WD,Normal,Wd Sdng,Wd Sdng,AllPub,289280.0
198,120,RL,35.0,7585.0,Somerst,IR1,Gtl,9,3,1909,1955,Stone,0.0,Fa,Fa,Ex,TA,Av,ALQ,581,335,1340,Ex,Y,SBrkr,1112,1200,4433,1,0,1,0,4,Gd,3,Typ,0,,Attchd,1980.0,RFn,1,233,TA,TA,Y,263,92,68,0,113,0,,,,,3,2008,WD,Abnorml,VinylSd,Wd Sdng,AllPub,341991.0
199,60,RL,47.0,7473.0,NAmes,IR1,Mod,8,7,1959,1992,Stone,0.0,TA,Gd,Gd,,No,ALQ,505,786,1538,TA,Y,FuseA,1259,1200,1262,1,0,3,0,2,TA,9,Mod,0,,,1995.0,Fin,1,281,TA,,Y,288,128,133,0,7,500,,,,,2,2008,WD,Normal,VinylSd,VinylSd,AllPub,218017.0
200,120,RL,98.0,11919.0,OldTown,IR2,Sev,6,6,1919,1958,BrkFace,200.0,Gd,Gd,Gd,TA,No,Unf,1172,672,1810,Ex,Y,SBrkr,1693,600,1579,1,1,3,1,5,TA,7,Min1,0,TA,Attchd,1980.0,Unf,3,225,TA,Gd,Y,300,243,132,0,118,0,,,,,11,2007,WD,Normal,HdBoard,Wd Sdng,AllPub,205587.0
201,20,RL,66.0,6823.0,OldTown,IR1,Mod,5,6,1902,1954,Stone,0.0,Gd,TA,Ex,TA,No,Unf,887,892,1536,Gd,Y,SBrkr,858,0,3796,1,1,2,1,3,Gd,3,Mod,1,,Attchd,1980.0,Unf,3,122,TA,TA,Y,379,287,76,0,38,0,,,,,9,2010,WD,Normal,HdBoard,HdBoard,AllPub,305788.0
202,60,FV,63.0,11607.0,CollgCr,IR2,Sev,10,7,1982,1991,,200.0,Fa,Fa,Ex,TA,No,Unf,555,358,295,TA,Y,SBrkr,2032,0,1136,1,0,2,1,3,Gd,3,Typ,1,Gd,Detchd,1980.0,,1,270,,TA,Y,68,28,62,0,106,500,,,,,9,2009,WD,Normal,VinylSd,VinylSd,AllPub,212260.0
203,60,RL,69.0,8868.0,CollgCr,IR2,Sev,5,8,1911,2006,Stone,0.0,Fa,Fa,TA,Gd,Av,GLQ,327,465,708,TA,N,SBrkr,1280,600,1291,1,1,2,1,5,TA,9,Mod,2,,Detchd,1995.0,RFn,1,300,TA,TA,Y,308,55,82,0,101,500,,,,,6,2009,WD,Partial,HdBoard,HdBoard,AllPub,128758.0
204,20,RL,58.0,9430.0,Somerst,Reg,Mod,8,5,1973,1964,BrkFace,0.0,TA,Fa,TA,TA,Av,Unf,583,113,1373,Ex,N,SBrkr,1417,600,1910,0,0,1,1,3,Gd,8,Mod,2,Gd,Detchd,1980.0,Unf,2,368,TA,TA,Y,209,24,80,0,51,0,,,,,7,2009,WD,Partial,Wd Sdng,HdBoard,AllPub,256211.0
205,120,RL,56.0,14094.0,Somerst,Reg,Gtl,6,6,2008,2003,Stone,,Fa,TA,Gd,TA,No,ALQ,26,89,1684,Ex,Y,SBrkr,1135,900,3352,1,1,3,0,4,TA,7,Typ,2,,Attchd,1980.0,RFn,2,605,TA,TA,Y,187,28,117,0,88,0,,,,,1,2007,WD,Normal,HdBoard,HdBoard,AllPub,297872.0
206,120,,57.0,7765.0,OldTown,IR1,Mod,3,5,1986,1987,Stone,0.0,Ex,Gd,TA,TA,Av,Unf,838,25,1513,Ex,Y,SBrkr,1958,1200,1500,1,0,3,1,3,Gd,10,Min1,1,,Detchd,1980.0,Fin,2,829,TA,TA,Y,225,48,157,0,71,500,,,,,2,2008,New,Normal,Wd Sdng,Wd Sdng,AllPub,172457.0
207,20,RL,84.0,14743.0,OldTown,IR1,Gtl,3,7,1953,1950,BrkFace,200.0,Ex,Fa,Ex,TA,Av,GLQ,407,150,1244,Ex,Y,SBrkr,734,900,1006,0,0,1,0,2,Ex,5,Min1,1,Gd,Attchd,2005.0,RFn,3,48,TA,TA,Y,111,270,189,0,65,500,,,,,12,2006,New,Normal,Wd Sdng,VinylSd,AllPub,183930.0
208,120,RM,90.0,5867.0,OldTown,IR2,Gtl,10,4,1983,1982,,0.0,TA,Gd,TA,TA,No,GLQ,791,879,529,Gd,Y,SBrkr,1976,900,622,1,0,1,1,3,Gd,3,Min1,1,,Detchd,2005.0,RFn,2,551,TA,TA,Y,364,246,99,0,19,0,,,,,8,2010,New,Abnorml,VinylSd,Wd Sdng,AllPub,207997.0
209,120,RL,49.0,6992.0,CollgCr,IR2,Sev,10,4,1997,1989,Stone,200.0,Ex,Gd,Ex,Gd,,ALQ,382,862,1404,TA,Y,SBrkr,1460,900,4489,1,1,1,0,4,TA,10,Typ,1,Gd,Detchd,,,3,592,TA,TA,Y,240,168,172,0,64,0,,,,,7,2009,WD,Normal,HdBoard,Wd Sdng,AllPub,399569.0
210,60,RL,75.0,5577.0,OldTown,IR1,Gtl,6,5,1907,1982,Stone,200.0,Fa,TA,TA,TA,No,GLQ,370,579,312,Gd,Y,SBrkr,1552,1200,1473,1,1,2,1,3,TA,3,Typ,1,,Attchd,1980.0,Unf,3,140,TA,TA,Y,257,92,21,0,120,0,,,,,1,2007,WD,Normal,VinylSd,HdBoard,AllPub,164009.0
211,60,FV,86.0,7158.0,NAmes,Reg,Sev,9,7,1909,1985,Stone,0.0,Ex,Fa,,TA,No,Unf,654,540,144,Ex,Y,SBrkr,2128,600,4508,0,1,1,1,2,TA,3,Typ,2,TA,Attchd,,Unf,3,351,Gd,TA,Y,274,140,86,0,10,0,,,,,9,2008,New,Normal,Wd Sdng,Wd Sdng,AllPub,326906.0
212,70,RM,48.0,10667.0,OldTown,Reg,Sev,8,6,1927,2004,Stone,0.0,Fa,Gd,TA,TA,No,Unf,1128,591,10,Ex,Y,SBrkr,1858,0,1796,0,1,2,1,5,TA,6,Typ,0,Gd,,1980.0,Unf,3,545,TA,Gd,Y,72,49,54,0,16,500,,MnPrv,,Grvl,1,2010,WD,Normal,HdBoard,VinylSd,AllPub,188800.0
213,70,FV,60.0,11174.0,CollgCr,IR1,Sev,5,4,1993,1992,BrkFace,,Gd,Fa,Ex,,Av,ALQ,64,998,95,TA,Y,SBrkr,1335,900,3037,1,0,3,1,4,TA,5,Min1,2,TA,Attchd,2005.0,Unf,0,699,TA,TA,Y,210,270,126,0,107,0,,,,,12,2008,WD,Normal,VinylSd,Wd Sdng,AllPub,207672.0
214,60,RL,49.0,9819.0,CollgCr,IR2,Gtl,4,3,2002,1978,,,Gd,Fa,TA,Gd,Av,GLQ,1085,140,731,Ex,Y,SBrkr,702,900,4400,0,0,1,0,4,Ex,3,Min1,0,Gd,Attchd,1980.0,Fin,1,440,TA,TA,Y,173,247,190,0,72,0,,MnPrv,,,8,2010,WD,Normal,VinylSd,Wd Sdng,NoSeWa,307423.0
215,20,FV,44.0,9702.0,OldTown,IR1,Gtl,9,6,1931,1988,BrkFace,0.0,Gd,Gd,Gd,TA,No,,881,778,1686,Gd,Y,SBrkr,602,600,1434,1,0,2,1,4,TA,9,Min1,0,,Detchd,2005.0,RFn,2,203,Gd,Gd,Y,205,13,131,0,14,0,,,,,7,2009,WD,Normal,HdBoard,HdBoard,AllPub,243126.0
216,120,RM,72.0,6298.0,Somerst,IR2,Sev,7,3,1958,2005,BrkFace,0.0,Ex,Gd,Ex,TA,No,ALQ,76,311,1185,Ex,Y,SBrkr,1044,900,2701,1,1,1,0,5,TA,8,Typ,0,,Attchd,1995.0,Fin,3,769,TA,TA,P,381,192,0,0,128,0,,,,,9,2006,WD,Normal,HdBoard,Wd Sdng,AllPub,278157.0
217,70,RM,55.0,6015.0,Somerst,IR2,Mod,6,4,1947,1955,BrkFace,200.0,TA,Gd,TA,TA,No,Unf,32,323,620,Gd,Y,SBrkr,860,900,4587,1,0,3,0,2,TA,9,Min1,0,TA,Attchd,1995.0,Unf,1,717,TA,Gd,Y,344,230,114,0,32,0,,,,,4,2006,WD,Normal,HdBoard,VinylSd,AllPub,328993.0
218,20,RM,83.0,9810.0,OldTown,IR2,Gtl,4,6,1977,1986,,200.0,Gd,TA,TA,TA,No,GLQ,184,727,1260,Gd,Y,SBrkr,1885,900,3684,1,0,1,1,4,TA,7,Mod,2,,Detchd,,,3,893,Gd,TA,Y,6,77,16,0,105,0,,,,,8,2009,WD,Normal,VinylSd,VinylSd,AllPub,271547.0
219,120,RL,69.0,13418.0,CollgCr,IR2,Gtl,9,7,1971,1954,Stone,0.0,Fa,Fa,TA,TA,Av,ALQ,685,574,844,TA,Y,SBrkr,700,900,1535,1,1,2,1,3,TA,7,Mod,1,,Detchd,1995.0,Fin,1,820,TA,Gd,Y,143,64,34,0,95,0,,MnPrv,,,6,2008,WD,Normal,VinylSd,Wd Sdng,AllPub,228901.0
220,70,RL,78.0,8029.0,CollgCr,IR1,Sev,8,4,2007,1995,BrkFace,200.0,TA,Gd,Ex,TA,No,GLQ,827,385,401,Gd,Y,SBrkr,1216,0,1060,0,1,1,1,3,TA,7,Mod,1,Gd,Attchd,2005.0,Fin,2,738,TA,TA,Y,389,207,6,0,133,0,,,,,7,2009,WD,Normal,HdBoard,Wd Sdng,AllPub,174618.0
221,20,RL,64.0,6121.0,Somerst,IR2,Gtl,6,5,1964,1966,,,TA,Fa,Ex,TA,Av,Unf,747,505,1751,Gd,Y,SBrkr,648,900,1130,0,0,1,1,2,Gd,7,Mod,2,,Attchd,,Unf,0,896,Gd,TA,Y,264,80,164,0,46,0,,MnPrv,,,2,2007,WD,Partial,VinylSd,HdBoard,AllPub,157674.0
222,70,RL,57.0,5653.0,NAmes,IR2,Gtl,5,4,2001,1978,BrkFace,200.0,TA,Gd,TA,Gd,No,Unf,593,484,1457,Ex,Y,SBrkr,1761,600,3416,1,1,3,0,2,TA,9,Min1,1,,Attchd,1980.0,Unf,2,22,TA,,Y,338,253,120,0,54,0,,,,,12,2008,WD,Normal,VinylSd,VinylSd,AllPub,259325.0
223,70,RM,68.0,7301.0,Somerst,IR1,Gtl,6,8,1908,1966,BrkFace,0.0,Gd,Fa,TA,TA,No,GLQ,376,279,132,Ex,Y,SBrkr,577,0,1384,0,0,3,1,1,Gd,5,Mod,2,Gd,Attchd,,Fin,0,297,TA,TA,Y,241,0,71,0,92,0,,,,,3,2010,WD,Normal,VinylSd,Wd Sdng,AllPub,154505.0
224,20,RL,70.0,14384.0,NAmes,IR1,Mod,10,5,2001,1988,,200.0,Ex,Fa,Gd,TA,Av,,165,215,567,Gd,Y,SBrkr,1297,900,708,1,0,2,1,4,TA,6,Mod,1,,Attchd,1980.0,RFn,1,786,TA,TA,Y,270,61,77,0,82,0,,,,,8,2006,WD,Normal,HdBoard,HdBoard,AllPub,184866.0
225,120,RL,56.0,8414.0,CollgCr,IR1,Mod,4,4,1950,2001,,0.0,Fa,Gd,,TA,No,ALQ,578,730,858,Gd,N,SBrkr,1091,0,3529,1,0,3,1,3,Gd,9,Min1,2,,Attchd,2005.0,RFn,2,431,TA,TA,Y,101,213,50,0,67,500,,MnPrv,,,3,2007,WD,Normal,HdBoard,Wd Sdng,AllPub,244424.0
226,70,RL,79.0,6559.0,Somerst,IR1,Mod,3,6,1945,2004,,0.0,Ex,TA,Gd,TA,No,Unf,468,66,1749,TA,Y,SBrkr,1614,1200,2358,0,1,3,1,1,TA,10,Typ,1,,Detchd,1980.0,Fin,0,520,TA,TA,P,91,92,86,0,13,0,,,,,11,2010,WD,Normal,Wd Sdng,HdBoard,AllPub,171560.0
227,60,RL,85.0,7459.0,Somerst,Reg,Sev,3,3,1994,1959,BrkFace,0.0,Ex,TA,Ex,TA,No,Unf,635,111,40,Ex,Y,SBrkr,1975,1200,4183,0,0,2,1,1,Gd,8,Min1,2,,Attchd,1995.0,,1,29,Gd,Gd,Y,228,78,167,0,136,0,,,,,12,2009,WD,Normal,HdBoard,VinylSd,AllPub,231487.0
228,20,RM,73.0,7746.0,Somerst,IR2,Gtl,7,7,1958,1985,Stone,200.0,Gd,Gd,TA,TA,No,Unf,481,517,1259,Gd,Y,SBrkr,1482,900,2273,1,0,3,1,2,TA,7,Min1,2,Gd,Attchd,2005.0,Fin,3,556,TA,TA,Y,330,276,145,0,82,500,,,,,9,2008,WD,Normal,HdBoard,HdBoard,AllPub,249344.0
229,20,RL,104.0,9698.0,OldTown,IR1,Gtl,7,7,1935,2005,BrkFace,0.0,Ex,Fa,Gd,TA,No,Unf,498,126,1682,TA,Y,SBrkr,1309,600,3401,1,0,2,1,4,,6,Min1,1,,Attchd,,Fin,2,455,TA,TA,Y,320,182,84,0,130,0,,,,,2,2006,New,Normal,VinylSd,HdBoard,AllPub,304174.0
230,120,RL,57.0,7347.0,NAmes,Reg,Gtl,4,4,1907,1992,BrkFace,0.0,Fa,Gd,,TA,No,Unf,693,800,1919,Gd,Y,SBrkr,573,1200,4337,1,0,3,0,4,Gd,5,Min1,1,TA,Attchd,1995.0,Fin,1,760,TA,TA,Y,172,252,36,0,72,0,,,,,12,2007,WD,Normal,HdBoard,Wd Sdng,AllPub,306875.0
231,20,RL,80.0,6857.0,CollgCr,Reg,Sev,7,3,1925,1950,BrkFace,100.0,Ex,Fa,Ex,TA,No,GLQ,130,187,1265,TA,Y,SBrkr,1657,900,3341,0,1,2,1,1,TA,3,Typ,1,Gd,Attchd,1995.0,RFn,2,611,TA,TA,N,301,262,48,0,126,500,,,,,3,2006,WD,Normal,Wd Sdng,HdBoard,AllPub,278852.0
232,70,RL,62.0,8464.0,NAmes,IR2,Gtl,5,8,1905,1961,,0.0,Ex,Fa,TA,TA,Av,ALQ,931,37,819,TA,Y,SBrkr,998,600,4085,0,0,2,1,2,TA,5,Typ,0,Gd,Detchd,2005.0,RFn,0,183,TA,TA,Y,342,139,102,0,95,0,,,,,9,2007,WD,Normal,VinylSd,HdBoard,AllPub,264789.0
233,120,RL,75.0,10307.0,NAmes,IR2,Mod,10,5,1944,1978,BrkFace,100.0,TA,TA,TA,TA,Mn,Unf,720,156,1768,TA,N,SBrkr,1696,1200,3323,1,0,3,0,2,TA,7,Typ,0,TA,Attchd,1995.0,Unf,0,880,TA,TA,Y,332,71,80,0,128,0,,MnPrv,,,3,2010,WD,Partial,HdBoard,VinylSd,AllPub,342314.0
234,120,RL,53.0,11105.0,OldTown,Reg,Sev,9,8,1958,1954,,0.0,Fa,Fa,TA,TA,Gd,Unf,430,143,412,TA,Y,SBrkr,769,600,2487,0,0,3,0,1,TA,3,Typ,0,TA,Attchd,1995.0,Fin,0,525,TA,TA,P,171,287,70,0,126,0,,,,,6,2006,WD,Normal,HdBoard,Wd Sdng,AllPub,261044.0
235,60,RM,92.0,10563.0,Somerst,IR1,Gtl,7,6,1902,1970,Stone,0.0,Gd,TA,,TA,No,GLQ,192,955,591,Gd,Y,SBrkr,734,600,4323,1,0,3,0,3,TA,3,Mod,1,,,2005.0,Unf,0,468,TA,TA,Y,85,178,164,0,114,0,,,,,6,2006,WD,Normal,Wd Sdng,HdBoard,AllPub,311860.0
236,20,RL,74.0,7807.0,NAmes,IR1,Sev,7,6,1925,2008,Stone,100.0,TA,Gd,Gd,TA,No,,800,890,1338,TA,Y,SBrkr,1472,900,2846,1,1,2,1,1,Gd,3,Typ,0,TA,Detchd,1995.0,Unf,3,482,TA,Gd,Y,78,104,171,0,93,0,,,,,4,2010,WD,Normal,HdBoard,VinylSd,AllPub,256958.0
237,60,RL,94.0,5386.0,OldTown,IR2,Sev,4,8,1931,1990,,200.0,Gd,Fa,TA,TA,Mn,,429,477,1100,Ex,Y,SBrkr,1873,0,2827,0,0,1,0,4,TA,6,Typ,0,TA,Attchd,1980.0,RFn,3,544,TA,TA,Y,140,132,24,0,2,500,,,,,9,2010,WD,Normal,VinylSd,Wd Sdng,AllPub,234878.0
238,120,RL,45.0,7048.0,OldTown,IR2,Gtl,3,3,1938,1961,Stone,0.0,Fa,Fa,Ex,TA,Gd,GLQ,796,776,1485,Gd,Y,FuseA,1334,1200,1176,0,0,3,1,5,TA,3,Min1,1,,Attchd,,Unf,1,743,TA,Gd,Y,176,163,39,0,17,500,,,,,12,2009,WD,Normal,VinylSd,VinylSd,AllPub,126159.0
239,70,RL,60.0,9752.0,OldTown,Reg,Mod,9,5,1962,1981,,0.0,Fa,Fa,Ex,TA,No,ALQ,212,993,1740,Gd,Y,SBrkr,949,0,4498,0,0,2,0,2,TA,6,Mod,2,TA,Attchd,1995.0,Unf,1,115,TA,Gd,Y,274,94,119,0,93,0,,,,,7,2006,WD,Normal,Wd Sdng,Wd Sdng,AllPub,325172.0
240,20,RL,52.0,6002.0,NAmes,Reg,Sev,8,5,1927,1969,BrkFace,0.0,Gd,Gd,TA,TA,No,GLQ,642,783,1303,Ex,Y,SBrkr,1333,0,4533,1,1,3,1,4,TA,10,Min1,2,TA,Attchd,1980.0,,3,363,TA,TA,Y,396,183,174,0,21,500,,,,,1,2010,New,Normal,HdBoard,HdBoard,AllPub,347038.0
241,70,RL,59.0,9660.0,Somerst,IR2,Sev,10,3,1982,1964,Stone,0.0,TA,Gd,TA,TA,No,ALQ,1086,951,1686,TA,Y,SBrkr,1460,900,1866,0,1,2,1,1,TA,8,Mod,1,TA,Attchd,1980.0,Unf,3,891,TA,TA,Y,382,51,25,0,113,0,,,,,8,2006,WD,Normal,HdBoard,VinylSd,AllPub,292591.0
242,60,RL,56.0,7503.0,CollgCr,IR1,Sev,6,3,1951,1974,Stone,0.0,Fa,TA,TA,TA,No,Unf,712,894,502,Ex,N,SBrkr,683,1200,1681,0,0,2,0,1,Gd,11,Min1,1,,Attchd,1995.0,Unf,0,758,TA,,P,120,22,194,0,71,0,,,,,11,2009,New,Normal,VinylSd,Wd Sdng,AllPub,148214.0
243,20,FV,68.0,7520.0,OldTown,Reg,Sev,7,6,1989,1973,BrkFace,,TA,Fa,TA,Gd,Gd,GLQ,746,322,1605,Ex,Y,SBrkr,600,0,2494,1,1,1,0,3,TA,10,Mod,1,TA,Detchd,1980.0,RFn,1,257,TA,,Y,337,78,68,0,106,500,,MnPrv,,,2,2007,WD,Normal,HdBoard,HdBoard,AllPub,258150.0
244,60,RL,70.0,12530.0,CollgCr,IR1,Sev,3,8,2002,1999,,100.0,TA,Fa,Ex,TA,No,Unf,192,808,339,TA,Y,SBrkr,1494,0,2437,1,0,2,0,1,Gd,5,Typ,0,,Detchd,1980.0,RFn,3,155,TA,TA,Y,344,231,146,0,120,500,,,,,11,2009,WD,Abnorml,HdBoard,VinylSd,AllPub,202053.0
245,120,RL,69.0,9563.0,Somerst,IR2,Mod,7,7,1969,1996,Stone,0.0,TA,Gd,TA,TA,,GLQ,275,855,668,TA,Y,SBrkr,1542,0,601,0,1,1,0,5,TA,3,Min1,1,,Detchd,2005.0,Unf,0,813,TA,,Y,78,88,133,0,17,0,,,,,2,2006,WD,Normal,Wd Sdng,HdBoard,AllPub,124207.0
246,120,RM,59.0,13509.0,NAmes,Reg,Mod,6,3,1925,1968,Stone,0.0,Ex,TA,TA,TA,Av,Unf,570,308,1442,TA,Y,SBrkr,811,1200,3320,0,0,2,0,1,TA,7,Mod,2,Gd,Attchd,1995.0,Unf,1,652,Gd,,Y,299,124,72,0,79,0,,,,,5,2006,WD,Abnorml,VinylSd,Wd Sdng,AllPub,278632.0
247,20,RL,74.0,6756.0,NAmes,IR2,Mod,4,6,1902,1978,,0.0,Gd,Fa,Gd,TA,No,Unf,708,175,929,Gd,Y,SBrkr,1982,600,4490,1,1,2,0,3,TA,11,Mod,0,Gd,Attchd,1995.0,Fin,3,660,TA,TA,Y,173,176,190,0,101,500,,MnPrv,,,4,2010,WD,Normal,VinylSd,Wd Sdng,AllPub,293404.0
248,70,RL,88.0,12572.0,Somerst,IR2,Gtl,6,8,1908,1959,,100.0,Ex,TA,Gd,Gd,No,ALQ,518,581,164,Gd,Y,SBrkr,2130,600,1401,1,0,3,0,5,TA,3,Min1,0,Gd,Attchd,2005.0,,2,38,TA,,Y,159,137,177,0,139,500,,,,,2,2006,WD,Normal,VinylSd,VinylSd,AllPub,148711.0
249,120,RL,52.0,11763.0,Somerst,IR2,Gtl,8,3,1903,2010,,200.0,TA,Gd,Gd,TA,No,Unf,1163,288,1697,Ex,Y,SBrkr,1583,600,4530,0,0,1,0,1,TA,7,Typ,0,,Attchd,1995.0,Fin,2,34,Gd,TA,Y,378,66,129,0,60,0,,,,,3,2010,WD,Abnorml,VinylSd,Wd Sdng,AllPub,397848.0
250,60,RL,70.0,3646.0,CollgCr,Reg,Sev,7,6,2004,1976,BrkFace,0.0,Fa,Fa,Ex,Gd,No,Unf,678,977,711,TA,Y,SBrkr,1825,600,1319,1,0,1,0,3,Gd,10,Mod,2,,Attchd,1995.0,RFn,0,152,TA,,Y,224,4,22,0,28,0,,,,,11,2010,WD,Normal,Wd Sdng,VinylSd,AllPub,161530.0
251,60,RM,69.0,8721.0,CollgCr,IR2,Mod,4,7,1965,1951,Stone,0.0,Gd,Fa,TA,Gd,No,ALQ,11,381,1631,Ex,Y,SBrkr,1077,600,3916,1,1,3,0,4,TA,7,Mod,2,Gd,Detchd,1980.0,Unf,1,739,TA,TA,Y,186,159,40,0,2,0,,MnPrv,,,3,2008,New,Normal,HdBoard,HdBoard,AllPub,320913.0
252,20,RM,79.0,14224.0,Somerst,IR1,Sev,6,4,1970,2000,,200.0,Gd,TA,TA,TA,No,Unf,635,297,832,Gd,Y,SBrkr,1636,600,2010,0,0,1,1,5,TA,10,Min1,0,TA,Detchd,1995.0,Fin,1,760,TA,TA,Y,279,73,129,0,43,0,,,,Grvl,12,2006,WD,Normal,HdBoard,HdBoard,AllPub,198111.0
253,20,RL,69.0,11310.0,NAmes,Reg,Mod,9,8,1906,1985,BrkFace,0.0,Gd,TA,Ex,TA,Av,ALQ,136,797,347,TA,Y,SBrkr,678,900,3945,1,1,3,0,1,Gd,9,Typ,0,TA,Detchd,,RFn,1,772,TA,TA,Y,268,169,120,0,126,0,,,,,10,2009,WD,Partial,HdBoard,HdBoard,AllPub,344878.0
254,120,RL,70.0,7845.0,NAmes,IR1,Mod,7,3,1940,1952,Stone,,Ex,TA,Gd,TA,No,GLQ,3,577,1999,TA,Y,SBrkr,841,600,2785,1,1,3,0,1,Gd,3,Mod,1,TA,Attchd,,RFn,3,711,Gd,TA,Y,144,264,11,0,38,500,,,,,4,2008,WD,Normal,HdBoard,VinylSd,AllPub,307675.0
255,20,RL,50.0,8351.0,CollgCr,IR2,Mod,7,3,1976,1997,BrkFace,100.0,Ex,Gd,TA,Gd,No,GLQ,519,52,1428,TA,Y,SBrkr,1270,900,3055,1,1,2,0,2,TA,7,Typ,2,,Attchd,2005.0,RFn,3,725,TA,TA,Y,222,164,64,0,14,0,,MnPrv,,,7,2010,WD,Normal,Wd Sdng,HdBoard,AllPub,277067.0
256,20,RL,70.0,6058.0,Somerst,Reg,Gtl,8,6,1955,1982,Stone,200.0,Gd,Fa,,Gd,Av,,615,767,627,Gd,Y,FuseA,525,600,3990,0,1,3,0,5,Gd,10,Mod,0,,Attchd,2005.0,RFn,2,325,TA,TA,Y,67,33,199,0,139,0,,,,,2,2010,WD,Normal,HdBoard,Wd Sdng,AllPub,332165.0
257,20,FV,52.0,9527.0,NAmes,IR1,Sev,3,4,1947,1991,BrkFace,200.0,Gd,Fa,Gd,TA,Av,GLQ,939,909,1271,Ex,Y,SBrkr,1719,1200,804,0,0,1,0,3,TA,8,Typ,2,Gd,Detchd,1995.0,Unf,1,805,TA,TA,Y,209,219,86,0,37,0,,MnPrv,Shed,,11,2006,WD,Normal,HdBoard,Wd Sdng,AllPub,140036.0
258,20,RL,80.0,5229.0,NAmes,Reg,Mod,10,5,1910,1992,BrkFace,200.0,TA,Fa,,TA,Gd,ALQ,583,619,1600,Gd,Y,SBrkr,1375,1200,3406,0,1,2,0,4,TA,5,Typ,0,TA,Attchd,1980.0,Unf,2,739,TA,Gd,Y,98,183,0,0,118,500,,,,,6,2007,WD,Normal,HdBoard,VinylSd,AllPub,327151.0
259,120,RL,68.0,6604.0,NAmes,Reg,Gtl,10,4,1953,1950,,0.0,Fa,TA,Gd,Gd,No,Unf,0,162,290,Gd,Y,SBrkr,589,0,1310,0,1,2,0,1,TA,3,Typ,2,TA,,1995.0,Unf,1,41,TA,TA,Y,112,52,185,0,114,500,,,,,8,2009,WD,Normal,Wd Sdng,VinylSd,AllPub,208629.0
260,60,RM,71.0,12528.0,CollgCr,IR2,Gtl,7,3,1934,1978,BrkFace,0.0,TA,TA,Ex,Gd,Gd,Unf,306,580,1147,Gd,Y,SBrkr,679,900,2226,0,0,3,0,3,Gd,11,Min1,0,Gd,Attchd,1980.0,Unf,3,551,TA,TA,Y,196,181,144,0,127,500,,,,,1,2007,WD,Normal,HdBoard,VinylSd,AllPub,221685.0
261,120,RM,52.0,8900.0,NAmes,Reg,Gtl,3,4,1976,2001,Stone,100.0,TA,Fa,Ex,TA,Gd,ALQ,1088,688,1436,TA,N,FuseA,1914,900,1414,0,0,3,1,3,Gd,7,Typ,2,,Attchd,1995.0,Unf,2,760,TA,,Y,378,46,56,0,15,500,,,,Grvl,10,2008,WD,Normal,VinylSd,Wd Sdng,AllPub,144391.0
262,70,RL,86.0,8030.0,Somerst,Reg,Sev,6,3,1904,2003,BrkFace,0.0,Ex,Fa,Ex,Gd,No,Unf,519,411,1060,Ex,Y,SBrkr,1603,0,1668,1,0,1,0,3,TA,9,Min1,0,Gd,Detchd,1995.0,Fin,1,413,Gd,TA,Y,369,282,139,0,47,0,,,,,9,2006,WD,Normal,VinylSd,Wd Sdng,AllPub,211268.0
263,120,RL,84.0,8675.0,CollgCr,IR1,Mod,4,5,1961,1994,Stone,100.0,Fa,TA,TA,TA,No,ALQ,223,37,1645,Ex,Y,FuseA,2072,900,2394,0,0,1,0,1,TA,5,Min1,2,,Attchd,1980.0,Unf,2,846,TA,,Y,99,86,173,0,87,500,,MnPrv,,,1,2010,WD,Normal,VinylSd,Wd Sdng,AllPub,249579.0
264,70,RL,87.0,20385.0,NAmes,IR1,Sev,8,5,1916,1973,,,Ex,TA,,Gd,No,GLQ,109,601,1074,Ex,Y,SBrkr,2116,600,2974,0,0,2,0,3,Ex,10,Typ,2,TA,Attchd,1995.0,RFn,3,556,Gd,TA,Y,235,156,0,0,13,0,,,,,2,2008,WD,Abnorml,VinylSd,VinylSd,AllPub,307163.0
265,120,RM,115.0,12217.0,NAmes,Reg,Mod,10,3,1956,1951,,100.0,Fa,Gd,TA,TA,No,Unf,836,678,1610,TA,Y,SBrkr,825,0,3543,0,0,1,0,5,TA,9,Typ,0,TA,,1980.0,,1,31,TA,TA,Y,90,118,84,0,69,0,,MnPrv,,Grvl,6,2009,WD,Normal,HdBoard,VinylSd,AllPub,321919.0
266,120,RL,69.0,7096.0,Somerst,IR2,Mod,10,3,1952,1993,,0.0,Ex,TA,,TA,Mn,ALQ,1047,215,1396,TA,Y,SBrkr,1856,1200,689,0,1,2,0,1,TA,11,Min1,2,TA,Attchd,2005.0,Fin,1,159,,TA,Y,136,87,105,0,124,0,,,,,8,2006,WD,Partial,HdBoard,Wd Sdng,AllPub,234378.0
267,20,RL,94.0,14765.0,OldTown,IR2,Gtl,9,4,1983,1978,BrkFace,0.0,TA,Gd,TA,Gd,No,GLQ,910,347,1374,Gd,Y,SBrkr,1599,900,4508,0,1,3,1,4,TA,4,Min1,0,,Attchd,1980.0,Unf,1,181,Gd,TA,Y,99,269,154,0,83,0,,,,,11,2010,WD,Normal,HdBoard,Wd Sdng,AllPub,381581.0
268,70,RL,68.0,8720.0,NAmes,IR2,Gtl,3,4,1909,1960,BrkFace,,Ex,Gd,TA,TA,No,Unf,1052,230,1757,Ex,Y,SBrkr,1987,1200,2389,1,1,3,0,3,Gd,7,Min1,2,,Attchd,,Fin,3,190,Gd,TA,Y,398,219,121,0,23,500,,MnPrv,Shed,,6,2007,WD,Abnorml,Wd Sdng,VinylSd,AllPub,258061.0
269,60,RL,78.0,11180.0,Somerst,IR1,Mod,9,6,1963,1982,,0.0,TA,TA,TA,,Mn,GLQ,413,587,1796,TA,Y,SBrkr,1818,0,935,0,0,2,0,4,TA,11,Typ,1,,Attchd,1980.0,Unf,3,761,Gd,TA,N,376,17,86,0,87,500,,MnPrv,,,6,2009,WD,Normal,HdBoard,VinylSd,AllPub,257909.0
270,60,RM,77.0,7510.0,OldTown,IR1,Gtl,3,8,1935,1958,Stone,200.0,TA,TA,TA,TA,No,ALQ,1103,102,1186,Gd,Y,SBrkr,1285,1200,2977,0,0,1,0,4,Gd,8,Min1,1,,Attchd,1995.0,Fin,3,562,TA,TA,Y,349,147,3,0,64,0,,,,,11,2009,WD,Normal,VinylSd,Wd Sdng,AllPub,269593.0
271,60,RL,75.0,6759.0,Somerst,IR2,Mod,7,7,1928,1963,,,Fa,Fa,TA,Gd,No,GLQ,216,824,1017,Gd,Y,,1043,0,1987,1,1,2,1,3,TA,9,Min1,0,TA,Detchd,1980.0,RFn,0,553,,TA,Y,277,147,25,0,62,500,,,,,1,2009,WD,Normal,VinylSd,VinylSd,AllPub,189752.0
272,60,RL,83.0,11391.0,Somerst,Reg,Sev,10,7,1965,1988,BrkFace,0.0,Gd,Gd,TA,TA,No,ALQ,944,655,870,Gd,Y,SBrkr,884,1200,1587,1,1,2,1,1,Gd,4,Mod,2,Gd,Attchd,1995.0,RFn,3,541,TA,TA,Y,32,209,1,0,108,0,,,,,10,2009,New,Normal,VinylSd,VinylSd,AllPub,235120.0
273,60,RL,64.0,7111.0,CollgCr,IR2,Sev,9,5,1968,1985,Stone,200.0,TA,Gd,TA,Gd,No,ALQ,935,661,1070,Gd,Y,SBrkr,1887,900,609,0,0,1,0,3,TA,9,Mod,0,TA,Attchd,2005.0,Fin,2,870,TA,TA,Y,22,281,131,0,64,0,,,,,7,2010,WD,Normal,Wd Sdng,VinylSd,AllPub,193286.0
274,120,RL,71.0,7084.0,NAmes,Reg,Sev,7,7,1994,1976,BrkFace,200.0,Ex,Fa,Ex,TA,No,ALQ,1042,372,160,Gd,Y,SBrkr,566,1200,666,1,0,2,1,1,TA,4,Typ,2,TA,Attchd,1995.0,,3,855,,Gd,Y,154,254,34,0,66,0,,,,,10,2008,WD,Normal,VinylSd,VinylSd,AllPub,170304.0
275,120,RL,81.0,11723.0,Somerst,IR2,Gtl,9,8,1977,2006,Stone,,Gd,TA,TA,TA,Gd,GLQ,386,972,28,TA,Y,SBrkr,669,0,4248,0,0,2,0,5,TA,7,Typ,0,TA,Detchd,1995.0,RFn,0,208,TA,TA,Y,153,215,55,0,145,0,,,,Grvl,1,2008,WD,Normal,HdBoard,HdBoard,AllPub,300499.0
276,70,RM,105.0,6319.0,CollgCr,IR2,Mod,3,8,1925,1982,Stone,200.0,Fa,Fa,TA,TA,No,GLQ,758,890,198,Ex,Y,SBrkr,1011,900,1799,1,0,2,0,1,TA,8,Typ,0,,Detchd,2005.0,Fin,0,332,TA,TA,Y,21,159,103,0,5,500,,,,,7,2007,WD,Normal,HdBoard,VinylSd,AllPub,126535.0
277,70,RM,53.0,5850.0,CollgCr,Reg,Mod,6,3,1907,1955,BrkFace,200.0,Gd,TA,Ex,TA,No,GLQ,178,621,1695,TA,Y,SBrkr,728,0,3161,1,0,1,1,3,TA,8,Min1,2,TA,Detchd,1995.0,Fin,1,490,Gd,TA,Y,224,191,125,0,7,0,,,,,9,2007,WD,Normal,HdBoard,HdBoard,AllPub,247723.0
278,120,RL,34.0,10546.0,OldTown,IR1,Gtl,8,4,1939,1987,BrkFace,200.0,TA,TA,Ex,Gd,No,ALQ,888,111,595,Gd,Y,SBrkr,2160,900,693,0,1,3,0,5,TA,11,Typ,2,,Attchd,,Unf,0,24,TA,TA,Y,7,267,88,0,112,0,,,,,7,2010,WD,Normal,VinylSd,Wd Sdng,AllPub,148677.0
279,70,RL,60.0,4974.0,CollgCr,IR1,Sev,5,5,1947,2005,BrkFace,200.0,TA,Fa,TA,TA,Mn,Unf,119,310,284,TA,Y,SBrkr,1032,0,843,1,1,1,0,5,TA,8,Min1,0,,Detchd,1995.0,RFn,2,169,TA,TA,P,337,231,161,0,16,0,,,,,8,2008,WD,Normal,VinylSd,VinylSd,AllPub,115487.0
280,60,RL,72.0,7147.0,OldTown,IR2,Mod,3,8,1930,1967,BrkFace,0.0,TA,Gd,Ex,TA,Gd,Unf,553,23,1660,Gd,Y,SBrkr,872,0,3521,0,1,3,1,3,TA,9,Mod,1,Gd,Attchd,1980.0,Fin,3,191,TA,TA,Y,0,156,192,0,30,0,,,,,10,2006,WD,Normal,VinylSd,VinylSd,AllPub,283056.0
281,20,RL,73.0,8025.0,OldTown,IR2,Gtl,6,7,1978,1997,,0.0,Ex,Gd,Ex,TA,Av,ALQ,1105,773,681,Gd,Y,SBrkr,1370,900,3997,1,0,1,1,1,TA,10,Mod,1,,Detchd,1995.0,Unf,0,798,TA,TA,Y,137,40,82,0,69,500,,,,,2,2008,New,Normal,Wd Sdng,HdBoard,AllPub,312374.0
282,70,RL,72.0,5981.0,CollgCr,IR1,Gtl,3,3,1931,1979,Stone,200.0,Fa,TA,TA,TA,Av,ALQ,766,251,1550,Gd,Y,SBrkr,2190,600,4085,0,1,3,0,3,Gd,5,Typ,0,Gd,,1980.0,Unf,3,209,,TA,Y,338,213,129,0,95,0,,MnPrv,,,9,2007,WD,Normal,VinylSd,VinylSd,AllPub,290971.0
283,20,RL,94.0,6405.0,CollgCr,Reg,Mod,6,6,1986,2010,Stone,200.0,Fa,Gd,TA,Gd,No,ALQ,1188,434,490,Ex,Y,SBrkr,1605,600,2942,1,0,2,1,5,TA,10,Typ,1,,Detchd,1995.0,RFn,1,112,TA,Gd,N,111,269,80,0,49,0,,MnPrv,,,9,2007,WD,Normal,HdBoard,VinylSd,AllPub,213199.0
284,70,RL,90.0,10935.0,NAmes,IR2,Mod,6,7,2005,2001,Stone,,Ex,Fa,TA,TA,Av,GLQ,76,350,46,Ex,Y,SBrkr,2037,900,2970,1,0,1,0,1,TA,5,Typ,2,,Attchd,1980.0,RFn,3,310,TA,TA,Y,247,137,99,0,33,0,,,,,5,2009,WD,Normal,VinylSd,VinylSd,AllPub,234865.0
285,20,RL,69.0,9776.0,NAmes,IR2,Mod,8,6,1978,1994,Stone,200.0,TA,Gd,TA,TA,Mn,Unf,956,521,721,Gd,Y,FuseA,516,900,2873,1,0,3,1,1,Gd,11,Mod,0,,Attchd,1995.0,Unf,0,411,TA,TA,Y,59,6,150,0,40,0,,,,,12,2010,WD,Partial,Wd Sdng,VinylSd,AllPub,248463.0
286,120,RL,61.0,6743.0,Somerst,IR1,Mod,8,4,1947,1955,BrkFace,100.0,Ex,TA,Ex,TA,Gd,ALQ,685,675,1357,Ex,Y,SBrkr,1425,0,1133,0,1,1,0,4,TA,5,Typ,2,,Attchd,1995.0,Fin,1,22,Gd,TA,N,193,98,192,0,72,0,,,,,5,2009,WD,Normal,Wd Sdng,HdBoard,AllPub,180060.0
287,120,RL,63.0,10497.0,OldTown,IR1,Mod,8,6,1989,1993,BrkFace,100.0,Gd,TA,TA,TA,No,GLQ,526,856,1858,Ex,Y,SBrkr,1159,900,1827,0,1,3,1,3,TA,3,Min1,1,,Attchd,2005.0,Unf,3,591,TA,TA,Y,28,248,55,0,79,0,,,,,12,2009,WD,Normal,Wd Sdng,HdBoard,AllPub,279199.0
288,20,RL,63.0,14126.0,NAmes,Reg,Mod,9,8,1989,1984,Stone,0.0,TA,Gd,TA,Gd,No,ALQ,404,264,438,TA,Y,SBrkr,892,900,3320,0,1,3,1,2,Gd,4,Min1,0,Gd,,1980.0,Fin,1,271,,TA,P,135,7,7,0,74,0,,,,,4,2009,WD,Normal,VinylSd,VinylSd,AllPub,312200.0
289,120,RL,65.0,6095.0,NAmes,IR2,Gtl,6,8,1959,1959,BrkFace,0.0,TA,Gd,,TA,No,,424,732,635,Gd,Y,FuseA,1031,600,1015,0,1,1,0,2,TA,7,Min1,1,Gd,Detchd,2005.0,Fin,0,715,TA,TA,Y,106,278,171,0,66,500,,,,,4,2007,WD,Normal,Wd Sdng,Wd Sdng,AllPub,162916.0
290,60,RL,39.0,9121.0,Somerst,IR1,Gtl,9,8,1916,2000,BrkFace,,Fa,Fa,TA,TA,Av,GLQ,91,905,1470,Ex,Y,SBrkr,1665,900,2012,1,1,3,1,3,TA,7,Mod,2,TA,Attchd,1980.0,RFn,3,753,TA,TA,Y,235,129,29,0,24,0,,MnPrv,,,7,2006,New,Normal,Wd Sdng,Wd Sdng,AllPub,275286.0
291,20,RL,61.0,16204.0,Somerst,IR2,Gtl,3,6,1913,1986,Stone,0.0,Gd,TA,TA,TA,No,ALQ,1194,426,1829,Ex,Y,SBrkr,1340,1200,4242,1,0,3,1,2,Gd,3,Typ,0,,Attchd,1995.0,Fin,0,530,,Gd,Y,138,192,57,0,149,0,,,,,2,2009,WD,Normal,Wd Sdng,VinylSd,AllPub,257082.0
292,120,RL,62.0,10757.0,NAmes,IR2,Sev,6,6,1950,1951,BrkFace,,TA,Fa,Gd,TA,Av,Unf,530,720,305,Gd,N,SBrkr,1293,0,3054,0,1,1,1,4,Gd,3,Mod,2,Gd,Attchd,1995.0,Unf,0,149,TA,TA,Y,369,57,97,0,35,0,,,,,3,2008,New,Abnorml,Wd Sdng,VinylSd,AllPub,236027.0
293,120,RL,66.0,11430.0,Somerst,IR2,Mod,5,3,1907,2004,BrkFace,0.0,TA,Fa,TA,TA,No,GLQ,7,398,38,Ex,Y,SBrkr,1110,0,1274,1,0,1,1,5,Gd,3,Mod,2,Gd,,2005.0,Unf,0,71,,,Y,324,143,131,0,2,500,,,,,11,2010,WD,Normal,VinylSd,Wd Sdng,AllPub,114045.0
294,20,RL,65.0,8433.0,NAmes,Reg,Gtl,10,5,1951,1993,,200.0,Fa,TA,Ex,Gd,Av,GLQ,949,985,989,TA,N,SBrkr,971,0,2644,0,1,3,1,4,TA,3,Min1,2,,Detchd,1995.0,Unf,0,755,TA,TA,Y,51,130,38,0,133,0,,,,,9,2007,WD,Partial,VinylSd,HdBoard,AllPub,298679.0
295,70,RL,83.0,7049.0,Somerst,IR2,Gtl,3,3,1905,1998,,0.0,Fa,TA,TA,TA,Av,GLQ,904,542,512,Gd,Y,SBrkr,1183,1200,2167,0,0,1,0,4,Gd,5,Typ,2,,Attchd,,Fin,0,203,TA,TA,Y,325,276,32,0,61,0,,MnPrv,,,10,2009,WD,Normal,VinylSd,VinylSd,AllPub,158590.0
296,120,RL,59.0,12620.0,OldTown,Reg,Gtl,4,5,1968,1962,Stone,0.0,Gd,TA,TA,TA,No,ALQ,1008,966,1135,Gd,Y,SBrkr,1944,0,1736,1,1,2,0,2,Gd,7,Typ,1,,Attchd,1980.0,Unf,2,844,TA,TA,N,337,287,112,0,19,0,,,,,5,2007,WD,Normal,HdBoard,HdBoard,AllPub,203969.0
297,120,RL,61.0,10896.0,NAmes,IR2,Mod,7,8,1945,1975,BrkFace,0.0,Ex,TA,TA,TA,No,GLQ,961,29,1331,TA,Y,SBrkr,673,600,2460,0,0,1,1,4,TA,4,Typ,2,Gd,Attchd,1980.0,RFn,1,230,TA,TA,Y,164,223,145,0,83,0,,,,,8,2008,WD,Normal,HdBoard,VinylSd,AllPub,273607.0
298,60,FV,81.0,8818.0,Somerst,IR1,Mod,8,8,1974,1970,Stone,0.0,TA,TA,,TA,No,ALQ,146,809,1673,Ex,Y,SBrkr,1292,900,2362,0,1,1,0,1,TA,8,Mod,2,Gd,Detchd,,Fin,3,218,TA,TA,N,193,220,139,0,23,500,,,,,11,2010,New,Abnorml,HdBoard,HdBoard,AllPub,285728.0
299,120,RL,65.0,7788.0,Somerst,IR1,Gtl,3,8,1957,2003,,200.0,Ex,TA,TA,Gd,No,GLQ,90,589,1549,Ex,Y,SBrkr,2050,0,4138,0,1,2,0,3,TA,6,Min1,1,,Attchd,1995.0,,1,524,,TA,Y,371,250,124,0,14,0,,,,,9,2008,WD,Normal,HdBoard,Wd Sdng,AllPub,310310.0
300,120,RM,74.0,5301.0,OldTown,IR1,Mod,4,8,1943,1950,BrkFace,0.0,TA,TA,Gd,TA,No,GLQ,81,885,1267,Ex,Y,SBrkr,1819,600,2391,1,0,1,1,2,Gd,3,Min1,2,,Attchd,1995.0,Unf,2,762,TA,TA,Y,13,141,47,0,72,500,,MnPrv,,,5,2009,WD,Normal,HdBoard,HdBoard,AllPub,186352.0
301,20,RL,83.0,9384.0,OldTown,IR1,Gtl,3,4,1975,1962,BrkFace,200.0,Gd,Fa,Ex,Gd,No,GLQ,654,370,1864,Ex,Y,SBrkr,2173,0,4260,1,0,3,0,5,Ex,3,Typ,2,Gd,Detchd,1980.0,RFn,2,703,TA,Gd,Y,178,79,16,0,56,500,,,,,1,2009,WD,Normal,Wd Sdng,HdBoard,AllPub,318234.0
302,20,RM,78.0,7277.0,NAmes,IR2,Gtl,8,8,1921,1970,BrkFace,0.0,Gd,Fa,Gd,TA,,ALQ,465,336,775,Gd,Y,SBrkr,2158,600,3093,1,0,2,1,1,Ex,4,Mod,1,TA,,,RFn,2,667,TA,TA,Y,22,44,34,0,42,0,,MnPrv,,,1,2010,WD,Normal,VinylSd,VinylSd,AllPub,271577.0
303,20,FV,75.0,8608.0,Somerst,Reg,Sev,6,6,1942,1952,,0.0,Ex,TA,TA,TA,Av,Unf,945,730,769,TA,Y,SBrkr,2001,0,4486,1,0,2,0,1,TA,10,Mod,2,,Attchd,2005.0,RFn,1,235,TA,TA,Y,396,72,131,0,145,0,,,,,12,2006,WD,Partial,HdBoard,VinylSd,AllPub,319389.0
304,60,RL,66.0,10952.0,NAmes,IR1,Gtl,6,7,2003,2000,,200.0,TA,TA,Ex,TA,Mn,ALQ,464,403,1910,Gd,Y,SBrkr,518,1200,2546,1,0,2,0,4,Gd,8,Min1,1,Gd,,2005.0,Unf,3,528,TA,TA,Y,377,191,148,0,76,500,,,,,1,2009,New,Normal,Wd Sdng,VinylSd,AllPub,294217.0
305,20,RL,84.0,11453.0,CollgCr,Reg,Sev,8,7,1963,1972,,200.0,Gd,TA,TA,TA,Av,Unf,847,755,325,Ex,Y,SBrkr,973,1200,4425,1,0,1,1,3,Gd,4,Min1,0,Gd,Attchd,2005.0,Unf,3,22,TA,Gd,Y,20,102,189,0,139,0,,,Shed,,10,2009,WD,Normal,Wd Sdng,VinylSd,AllPub,318055.0
306,20,RL,74.0,11111.0,NAmes,IR1,Gtl,3,3,1940,1954,BrkFace,0.0,Ex,TA,TA,TA,Av,Unf,1024,814,1072,Gd,Y,SBrkr,1627,900,3346,1,0,2,1,4,TA,11,Typ,0,Gd,Detchd,1980.0,Unf,3,742,TA,Gd,Y,340,28,65,0,138,0,,,,,4,2008,WD,Normal,Wd Sdng,Wd Sdng,AllPub,268496.0
307,60,RL,60.0,17615.0,Somerst,IR2,Sev,6,7,2002,1965,,100.0,TA,Fa,TA,TA,No,Unf,698,159,1289,Gd,Y,SBrkr,1154,1200,3952,0,0,2,1,5,Gd,3,Typ,0,,Detchd,2005.0,Unf,1,234,TA,TA,Y,201,47,116,0,140,500,,,,,11,2007,New,Normal,VinylSd,HdBoard,AllPub,319901.0
308,70,FV,67.0,12702.0,Somerst,IR2,Sev,3,5,1913,2005,Stone,100.0,Gd,Gd,Gd,TA,No,Unf,704,470,679,Gd,Y,SBrkr,552,1200,3977,0,1,1,0,3,TA,6,Mod,1,Gd,Attchd,1980.0,Fin,0,357,TA,TA,Y,375,294,53,0,117,500,,,,,6,2006,WD,Normal,Wd Sdng,Wd Sdng,AllPub,224615.0
309,70,RM,46.0,7159.0,NAmes,IR1,Gtl,7,7,1926,1980,Stone,0.0,Ex,Fa,Gd,TA,Mn,Unf,375,618,1548,TA,Y,SBrkr,732,0,4141,0,1,2,0,3,Gd,5,Min1,2,,Detchd,2005.0,RFn,0,636,TA,TA,Y,132,119,193,0,1,0,,,,,5,2007,WD,Normal,VinylSd,HdBoard,AllPub,325966.0
310,60,FV,51.0,7006.0,CollgCr,IR1,Gtl,5,8,1959,1976,Stone,100.0,TA,TA,Ex,,No,GLQ,947,396,465,Ex,Y,SBrkr,1410,0,3754,0,1,1,1,1,Gd,6,Typ,2,,,1995.0,,1,801,TA,TA,Y,60,41,0,0,13,500,,,,,7,2007,WD,Normal,HdBoard,Wd Sdng,AllPub,271106.0
311,120,RL,32.0,18006.0,NAmes,IR2,Sev,7,4,1987,1992,BrkFace,0.0,Gd,Fa,Ex,,Mn,ALQ,954,117,603,TA,Y,FuseA,539,1200,2742,1,1,1,1,1,Gd,11,Min1,1,TA,Attchd,1980.0,Unf,2,378,Gd,Gd,Y,305,77,18,0,36,0,,,,,11,2009,WD,Normal,HdBoard,HdBoard,AllPub,295958.0
312,70,RL,56.0,7339.0,Somerst,IR2,Mod,3,3,1922,1980,,0.0,TA,Fa,Gd,Gd,No,Unf,193,87,1267,Gd,Y,SBrkr,836,0,890,1,0,2,1,1,TA,10,Min1,0,Gd,Attchd,1980.0,RFn,3,220,TA,TA,Y,389,168,24,0,130,0,,,,,2,2007,WD,Normal,HdBoard,HdBoard,AllPub,149909.0
313,70,RM,97.0,8838.0,Somerst,IR2,Gtl,4,8,1912,1986,,200.0,Ex,TA,Gd,TA,Av,,198,991,1231,TA,Y,FuseA,2151,1200,2494,1,0,3,1,3,Ex,7,Min1,0,TA,Detchd,2005.0,Unf,0,546,TA,TA,Y,170,53,131,0,18,0,,,,,12,2010,WD,Partial,HdBoard,Wd Sdng,AllPub,200732.0
314,120,RL,59.0,15115.0,Somerst,Reg,Gtl,8,5,1988,1967,BrkFace,0.0,Ex,Gd,Gd,Gd,No,Unf,62,313,576,Ex,Y,SBrkr,2101,0,3902,1,0,2,0,1,TA,5,Mod,0,Gd,Attchd,1980.0,Fin,3,144,TA,TA,Y,46,247,157,0,33,500,,,Shed,,6,2006,WD,Normal,Wd Sdng,HdBoard,AllPub,339241.0
315,120,RL,86.0,14982.0,OldTown,IR1,Gtl,10,8,1943,2002,Stone,0.0,Ex,Fa,Gd,TA,Gd,ALQ,812,805,1231,TA,Y,SBrkr,1896,600,2488,1,0,1,1,5,TA,6,Typ,1,,Detchd,1980.0,Fin,0,4,TA,TA,Y,22,91,115,0,5,0,,,,,7,2006,WD,Partial,VinylSd,Wd Sdng,AllPub,300927.0
316,20,FV,70.0,8810.0,CollgCr,IR2,Mod,6,8,1975,2007,BrkFace,200.0,TA,Fa,TA,TA,Av,GLQ,1143,240,1816,TA,Y,SBrkr,886,0,1714,1,0,1,0,2,Ex,10,Min1,2,Gd,Detchd,1980.0,Fin,1,8,TA,,N,143,24,87,0,58,0,,,,,4,2010,WD,Normal,HdBoard,Wd Sdng,AllPub,188398.0
317,20,RL,56.0,9629.0,Somerst,IR1,Sev,4,4,1975,1959,BrkFace,0.0,Ex,Gd,TA,TA,Mn,GLQ,177,365,640,Ex,Y,SBrkr,2128,1200,3097,0,0,3,0,1,TA,5,Typ,2,Gd,Detchd,1980.0,Fin,1,873,TA,TA,Y,312,39,91,0,129,0,,MnPrv,,,7,2007,WD,Normal,VinylSd,Wd Sdng,AllPub,219936.0
318,120,RM,97.0,5483.0,Somerst,Reg,Sev,8,4,1965,1962,BrkFace,0.0,Ex,Gd,Ex,TA,Gd,GLQ,25,389,1387,TA,Y,SBrkr,913,1200,1600,0,0,3,0,1,TA,5,Typ,0,,Attchd,1980.0,RFn,1,837,TA,TA,Y,157,196,166,0,95,500,,,,,6,2008,WD,Normal,HdBoard,Wd Sdng,AllPub,237303.0
319,60,RL,82.0,6819.0,Somerst,IR2,Gtl,10,6,1973,1988,Stone,0.0,TA,TA,Ex,Gd,No,ALQ,460,987,400,Ex,Y,SBrkr,696,0,2242,1,1,1,1,3,Gd,6,Min1,1,,Attchd,1995.0,,1,449,,TA,Y,11,85,45,0,25,0,,,,,10,2009,WD,Abnorml,VinylSd,VinylSd,AllPub,248327.0
320,20,RL,35.0,8026.0,OldTown,IR1,Sev,8,7,1901,1997,BrkFace,0.0,Fa,TA,TA,TA,No,GLQ,832,702,1401,TA,Y,SBrkr,1959,1200,4492,1,1,1,1,2,Gd,8,Min1,2,TA,Attchd,1995.0,Unf,0,631,TA,TA,Y,323,147,111,0,110,0,,,,,7,2008,WD,Normal,HdBoard,Wd Sdng,AllPub,310724.0
321,60,RL,91.0,8940.0,OldTown,IR1,Sev,3,3,1918,2002,,200.0,Gd,TA,Gd,TA,No,Unf,1126,907,527,TA,Y,SBrkr,2190,1200,4404,0,1,2,1,5,Gd,3,Typ,1,,Detchd,1980.0,Fin,1,749,TA,Gd,Y,348,169,130,0,17,0,,,,,6,2006,WD,Normal,VinylSd,Wd Sdng,AllPub,300257.0
322,60,RL,49.0,8127.0,OldTown,Reg,Mod,3,4,1946,1982,Stone,0.0,TA,TA,Gd,TA,Av,Unf,493,775,540,Ex,N,SBrkr,2019,900,4117,0,0,1,1,2,TA,7,Typ,1,,,1995.0,Fin,0,621,Gd,Gd,Y,50,171,154,0,98,0,,,,,12,2010,New,Partial,Wd Sdng,HdBoard,AllPub,246120.0
323,60,RL,66.0,9374.0,CollgCr,IR1,Mod,7,4,1974,1988,,0.0,Gd,TA,,TA,No,,85,762,13,TA,Y,FuseA,2115,1200,650,0,0,3,0,3,Gd,4,Typ,2,,Attchd,1980.0,Fin,2,289,TA,,Y,287,156,91,0,143,0,,,,,5,2007,WD,Normal,HdBoard,Wd Sdng,AllPub,155847.0
324,60,RL,83.0,17289.0,CollgCr,Reg,Gtl,6,5,1960,1969,,0.0,Ex,Fa,,Gd,No,Unf,507,463,300,Gd,Y,SBrkr,1698,900,3263,0,1,3,0,3,Gd,10,Mod,1,TA,Attchd,1980.0,Unf,1,734,TA,,Y,0,142,168,0,61,0,,,,,11,2008,WD,Partial,VinylSd,Wd Sdng,AllPub,243227.0
325,60,RL,64.0,10294.0,CollgCr,IR2,Sev,4,4,1924,1955,BrkFace,0.0,Fa,Gd,Ex,,Av,GLQ,711,328,1715,Ex,Y,SBrkr,543,900,3840,1,1,1,1,3,TA,5,Mod,1,,Detchd,1980.0,Fin,3,770,TA,TA,Y,75,157,48,0,128,0,,,,,8,2009,WD,Normal,HdBoard,HdBoard,AllPub,316737.0
326,60,RM,92.0,9824.0,CollgCr,IR2,Sev,8,4,1984,1991,BrkFace,100.0,TA,Fa,TA,TA,No,Unf,1148,179,168,Ex,Y,SBrkr,1997,0,4566,1,0,1,0,3,Gd,9,Mod,1,TA,Attchd,2005.0,Unf,3,262,TA,,Y,254,218,118,0,121,0,,,,,4,2006,WD,Normal,HdBoard,VinylSd,AllPub,334527.0
327,60,RL,85.0,8960.0,NAmes,IR2,Mod,3,8,1956,1972,Stone,0.0,Ex,Gd,,TA,Mn,Unf,180,592,1107,Ex,Y,SBrkr,1658,0,2428,0,0,3,1,2,TA,9,Mod,0,,Attchd,,Fin,0,66,TA,TA,Y,347,219,78,0,13,0,,,,,1,2009,WD,Normal,VinylSd,Wd Sdng,AllPub,171373.0
328,120,RL,38.0,8505.0,CollgCr,IR2,Mod,10,8,1937,1998,BrkFace,,Fa,TA,Ex,Gd,Mn,GLQ,809,130,1856,Ex,Y,SBrkr,2105,1200,3626,0,1,3,1,4,Gd,8,Min1,1,,Attchd,1995.0,Fin,1,716,Gd,TA,Y,373,11,7,0,104,500,,MnPrv,,,4,2009,,Normal,VinylSd,HdBoard,AllPub,357634.0
329,70,RM,61.0,12963.0,NAmes,Reg,Gtl,3,5,1913,1966,BrkFace,,Gd,TA,TA,TA,No,ALQ,432,654,579,TA,Y,SBrkr,821,1200,1418,1,1,3,1,3,TA,8,Typ,1,TA,Attchd,2005.0,Fin,0,500,Gd,TA,Y,293,230,132,0,38,500,,,,,4,2007,New,Abnorml,HdBoard,Wd Sdng,AllPub,154911.0
330,120,RL,76.0,6652.0,CollgCr,Reg,Sev,10,8,2002,2003,,0.0,Ex,TA,Gd,TA,No,Unf,972,169,1178,TA,Y,SBrkr,629,0,4555,1,0,3,1,3,TA,7,Mod,1,TA,Detchd,1980.0,Unf,0,738,TA,TA,Y,273,98,125,0,36,0,,,,,2,2008,WD,Normal,VinylSd,HdBoard,AllPub,411418.0
331,20,,59.0,8624.0,CollgCr,IR2,Sev,9,5,1982,2009,BrkFace,0.0,Gd,Fa,Ex,TA,No,Unf,134,605,1981,Gd,Y,SBrkr,882,600,1901,0,0,1,1,5,TA,4,Mod,0,,Attchd,1980.0,Fin,0,592,TA,TA,Y,16,278,118,0,107,0,,,,,8,2006,WD,Normal,VinylSd,HdBoard,AllPub,266797.0
332,60,RM,66.0,6446.0,CollgCr,IR2,Gtl,6,6,1949,1953,,0.0,TA,TA,TA,Gd,Mn,GLQ,365,110,1296,Ex,Y,SBrkr,1055,0,675,1,1,1,0,3,Gd,3,Mod,1,,Detchd,2005.0,Fin,0,553,TA,TA,N,77,184,82,0,139,500,,,,,10,2010,WD,Normal,Wd Sdng,Wd Sdng,AllPub,165172.0
333,120,RM,86.0,9192.0,NAmes,IR1,Mod,4,7,1955,1965,BrkFace,0.0,Gd,Fa,TA,TA,Gd,GLQ,1093,659,1989,Gd,Y,FuseA,922,600,949,0,0,3,1,5,TA,5,Typ,1,Gd,Attchd,2005.0,Fin,0,64,TA,TA,Y,122,238,186,0,9,0,,,,,10,2006,New,Normal,VinylSd,HdBoard,AllPub,125159.0
334,60,RL,76.0,9281.0,CollgCr,IR1,Gtl,7,8,1909,1951,Stone,0.0,TA,Fa,TA,TA,,Unf,18,858,1376,Ex,Y,SBrkr,978,900,2189,1,1,1,1,5,TA,7,Typ,1,Gd,Attchd,2005.0,Fin,3,854,TA,TA,Y,334,12,155,0,93,0,,,Shed,,12,2007,WD,Normal,Wd Sdng,HdBoard,AllPub,244054.0
335,70,RL,52.0,11804.0,CollgCr,IR1,Mod,9,7,1905,1969,Stone,0.0,Ex,Gd,TA,TA,Mn,GLQ,1192,921,1815,TA,Y,SBrkr,1703,900,1642,1,1,2,1,2,TA,5,Mod,1,TA,Detchd,1980.0,Unf,2,389,,Gd,Y,135,53,124,0,22,500,,,,,1,2010,WD,Partial,HdBoard,VinylSd,AllPub,259531.0
336,120,RL,73.0,12827.0,CollgCr,IR2,Gtl,10,5,1947,1966,Stone,0.0,TA,Fa,Gd,TA,No,Unf,381,293,720,Gd,Y,SBrkr,1734,900,1762,1,0,1,0,3,TA,4,Typ,1,TA,Attchd,1980.0,Unf,0,576,TA,TA,Y,350,39,101,0,129,500,,,,,9,2009,WD,Partial,HdBoard,HdBoard,AllPub,247204.0
337,70,RL,58.0,10926.0,Somerst,IR1,Gtl,3,3,1901,1953,BrkFace,200.0,Fa,Gd,Gd,TA,Gd,GLQ,653,539,1043,TA,Y,SBrkr,734,900,1645,1,0,3,1,1,TA,5,Min1,2,Gd,Attchd,1995.0,Fin,0,828,TA,TA,Y,161,55,119,0,13,0,,,,,2,2009,WD,Normal,Wd Sdng,HdBoard,AllPub,123841.0
338,120,RL,46.0,14569.0,NAmes,IR2,Mod,3,8,1992,1970,Stone,,TA,Gd,Gd,TA,Gd,GLQ,977,504,917,Ex,Y,SBrkr,1782,1200,4032,0,1,3,0,4,TA,3,Min1,0,Gd,Attchd,2005.0,Unf,2,801,Gd,,Y,195,241,139,0,97,0,,,,,2,2009,WD,Normal,HdBoard,HdBoard,AllPub,278209.0
339,20,RL,47.0,14423.0,NAmes,IR1,Gtl,10,3,1908,2001,BrkFace,0.0,Ex,TA,TA,TA,No,Unf,764,372,329,Ex,Y,SBrkr,1849,0,2480,0,0,1,0,1,Ex,9,Mod,0,Gd,Detchd,1995.0,Unf,2,696,TA,Gd,Y,219,15,138,0,59,0,,,,,4,2010,WD,Normal,VinylSd,VinylSd,AllPub,276087.0
340,70,RM,76.0,9844.0,Somerst,IR1,Mod,10,8,1920,1966,,0.0,Gd,Gd,TA,Gd,No,GLQ,298,113,521,Ex,Y,SBrkr,759,600,4425,1,0,1,1,5,TA,5,Mod,2,,Detchd,1980.0,RFn,1,559,TA,TA,Y,238,146,24,0,73,0,,,,,7,2009,New,Normal,VinylSd,VinylSd,AllPub,369008.0
341,70,RM,69.0,10017.0,OldTown,IR1,Sev,5,5,1933,1950,Stone,100.0,Fa,TA,TA,Gd,No,GLQ,249,831,1556,TA,Y,SBrkr,1593,900,3809,0,1,3,1,5,TA,4,Mod,0,,Attchd,,Fin,2,391,TA,Gd,Y,105,287,170,0,65,0,,,,,5,2010,WD,Normal,Wd Sdng,VinylSd,AllPub,318444.0
342,60,RL,70.0,5010.0,OldTown,Reg,Mod,6,7,1935,1961,BrkFace,0.0,Ex,Gd,TA,TA,No,ALQ,259,869,260,Ex,Y,SBrkr,2071,1200,1943,1,0,3,1,3,Gd,8,Min1,0,Gd,Detchd,1995.0,RFn,2,858,TA,TA,Y,230,160,129,0,70,500,,,,Grvl,11,2009,WD,Normal,HdBoard,VinylSd,AllPub,193441.0
343,70,RL,47.0,9858.0,OldTown,IR1,Mod,4,3,1959,1991,BrkFace,,Gd,TA,TA,TA,No,GLQ,603,868,1984,Gd,Y,SBrkr,1348,900,4567,1,1,1,1,3,Gd,11,Mod,2,Gd,Attchd,2005.0,Fin,1,427,Gd,TA,Y,262,22,14,0,43,0,,,,,2,2010,WD,Normal,VinylSd,VinylSd,AllPub,332562.0
344,120,RL,66.0,8942.0,CollgCr,IR1,Mod,9,3,2007,1967,BrkFace,200.0,Gd,Gd,TA,TA,No,ALQ,421,25,1435,Gd,Y,SBrkr,773,0,3299,0,0,2,1,1,TA,3,Mod,2,Gd,Detchd,1980.0,RFn,0,576,TA,Gd,P,272,135,103,0,103,0,,,,,10,2007,WD,Abnorml,VinylSd,VinylSd,AllPub,287109.0
345,70,RM,49.0,5396.0,CollgCr,IR1,Mod,6,4,1972,1967,BrkFace,100.0,Ex,Fa,TA,Gd,Gd,ALQ,1107,365,1275,Ex,N,SBrkr,867,1200,929,1,1,1,0,2,Gd,8,Mod,0,TA,Attchd,1995.0,Fin,2,724,TA,Gd,Y,340,137,184,0,149,500,,,,,2,2006,WD,Normal,Wd Sdng,Wd Sdng,AllPub,185492.0
346,60,RL,51.0,7868.0,Somerst,IR1,Mod,4,8,1908,1994,,100.0,Fa,Fa,Gd,TA,No,GLQ,503,132,1952,TA,Y,SBrkr,606,0,3900,1,0,1,0,2,TA,9,Typ,0,,Attchd,2005.0,Unf,0,886,,TA,N,192,28,45,0,7,0,,,,,3,2007,New,Normal,HdBoard,Wd Sdng,AllPub,280128.0
347,20,RL,67.0,11935.0,CollgCr,IR1,Gtl,4,4,1920,1953,BrkFace,200.0,Gd,Fa,Gd,TA,No,GLQ,757,992,192,Ex,Y,SBrkr,1576,0,4485,0,1,1,0,5,Gd,9,Min1,0,Gd,Attchd,2005.0,Unf,0,93,TA,TA,N,291,114,20,0,90,0,,,,Grvl,5,2006,WD,Normal,HdBoard,Wd Sdng,AllPub,260419.0
348,20,RM,42.0,6176.0,CollgCr,IR1,Mod,10,8,1937,1971,Stone,100.0,TA,TA,TA,Gd,Mn,ALQ,959,331,521,TA,Y,SBrkr,1358,1200,1848,1,1,3,1,1,Ex,7,Min1,2,,Attchd,2005.0,Fin,2,424,Gd,TA,Y,73,24,24,0,104,0,,,,,11,2010,WD,Normal,HdBoard,HdBoard,AllPub,256596.0
349,60,RL,83.0,13199.0,Somerst,IR2,Gtl,4,4,2007,2009,,0.0,Ex,Gd,TA,TA,Mn,GLQ,347,600,109,Ex,Y,SBrkr,1449,900,990,1,1,3,1,5,Gd,3,Typ,0,TA,Attchd,,RFn,1,115,,TA,Y,340,81,51,0,106,500,,,,,4,2006,WD,Normal,Wd Sdng,HdBoard,AllPub,119532.0
350,120,RM,120.0,10326.0,Somerst,Reg,Gtl,9,5,1948,1985,BrkFace,100.0,Gd,Fa,Gd,TA,No,GLQ,182,811,402,Ex,N,SBrkr,1621,1200,1635,0,0,2,0,2,Ex,8,Mod,2,,Detchd,,RFn,3,136,TA,TA,Y,394,161,151,0,103,500,,,,,4,2007,WD,Normal,VinylSd,Wd Sdng,AllPub,248890.0
351,60,RL,79.0,8362.0,CollgCr,IR2,Gtl,7,7,1996,1950,,0.0,TA,Fa,TA,Gd,Av,ALQ,1068,906,122,Ex,Y,SBrkr,789,600,3427,1,1,2,0,4,Gd,6,Min1,1,Gd,Attchd,1980.0,,1,471,TA,TA,P,115,142,63,0,118,0,,MnPrv,,,5,2010,New,Normal,VinylSd,HdBoard,AllPub,297001.0
352,120,RL,49.0,8581.0,NAmes,Reg,Mod,8,5,1952,1983,BrkFace,0.0,Ex,TA,Gd,TA,No,Unf,540,313,1037,Gd,Y,SBrkr,620,1200,4095,0,0,1,0,3,Gd,5,Min1,1,,Attchd,1995.0,,0,751,TA,TA,Y,162,257,59,0,83,0,,,,,11,2006,WD,Normal,VinylSd,VinylSd,AllPub,303644.0
353,60,RL,65.0,11487.0,Somerst,Reg,Gtl,10,6,1987,1970,,100.0,Fa,Gd,Gd,TA,Av,GLQ,310,184,100,Gd,Y,FuseA,1373,1200,859,0,1,1,1,3,TA,8,Mod,0,,Attchd,2005.0,RFn,0,285,Gd,TA,Y,367,110,158,0,91,0,,MnPrv,Shed,,9,2010,WD,Abnorml,VinylSd,Wd Sdng,NoSeWa,180759.0
354,70,RL,39.0,5829.0,NAmes,Reg,Gtl,4,3,1960,1999,,0.0,TA,Gd,TA,TA,Mn,Unf,772,286,490,TA,Y,SBrkr,596,0,3288,1,0,3,1,5,TA,6,Mod,1,,Attchd,1980.0,Unf,0,668,Gd,Gd,P,139,158,53,0,93,0,,,,,12,2007,WD,Normal,HdBoard,VinylSd,AllPub,218028.0
355,70,RL,62.0,16518.0,OldTown,IR2,Sev,10,5,1971,1994,,200.0,TA,Fa,Ex,TA,No,GLQ,882,542,141,Ex,Y,,1253,900,2233,0,1,3,1,1,Gd,4,Typ,1,,Attchd,1980.0,Fin,2,635,TA,TA,P,52,207,118,0,136,0,,,,,1,2008,WD,Normal,Wd Sdng,Wd Sdng,AllPub,218372.0
356,120,RL,80.0,7016.0,NAmes,IR2,Sev,6,4,1975,1990,BrkFace,0.0,Fa,Fa,,TA,No,GLQ,301,88,263,Ex,Y,SBrkr,790,600,818,0,1,3,1,2,TA,8,Min1,2,Gd,Attchd,1995.0,Fin,1,326,TA,TA,Y,116,264,167,0,71,0,,,,,9,2009,WD,Normal,VinylSd,VinylSd,NoSeWa,137332.0
357,70,RM,82.0,7118.0,Somerst,IR2,Gtl,3,6,1930,1977,BrkFace,0.0,Gd,Fa,TA,TA,No,Unf,869,344,1726,TA,Y,SBrkr,1353,900,2287,1,0,2,0,5,TA,11,Min1,0,,Detchd,2005.0,Unf,3,801,TA,TA,Y,364,222,46,0,74,0,,,,,4,2008,WD,Normal,HdBoard,VinylSd,AllPub,216277.0
358,120,RL,49.0,12916.0,Somerst,Reg,Sev,7,5,1943,2000,Stone,200.0,Ex,Gd,TA,TA,No,,499,362,459,Ex,Y,FuseA,1748,900,790,0,1,2,0,2,Gd,9,Min1,0,Gd,Attchd,1980.0,RFn,0,509,TA,TA,Y,250,206,82,0,132,0,,,,Grvl,9,2009,WD,Normal,Wd Sdng,HdBoard,AllPub,165253.0
359,120,RL,76.0,11350.0,OldTown,Reg,Mod,6,3,1928,1991,Stone,0.0,TA,TA,Gd,TA,Mn,Unf,153,407,1339,Gd,Y,FuseA,1188,600,2237,1,1,3,0,5,TA,3,Mod,1,Gd,Detchd,1980.0,RFn,3,876,TA,TA,Y,267,2,44,0,85,500,,,,,7,2006,WD,Normal,VinylSd,HdBoard,AllPub,236117.0
360,70,RL,93.0,13328.0,Somerst,IR2,Gtl,6,5,1903,1983,,,Ex,Fa,TA,TA,No,GLQ,160,693,1747,TA,Y,SBrkr,1591,900,1249,0,1,3,1,1,TA,8,Typ,2,TA,Detchd,,Unf,0,557,TA,TA,Y,399,215,79,0,88,500,,,,,8,2008,WD,Partial,Wd Sdng,Wd Sdng,AllPub,191457.0
361,70,RL,105.0,12256.0,OldTown,IR1,Sev,4,5,1919,1974,BrkFace,0.0,Ex,Gd,Gd,Gd,Av,ALQ,758,392,721,TA,Y,SBrkr,1841,1200,1455,1,1,1,1,1,TA,10,Mod,0,TA,Detchd,1995.0,,1,776,Gd,TA,Y,52,122,40,0,25,500,,,,,10,2006,WD,Normal,Wd Sdng,VinylSd,AllPub,143694.0
362,120,RM,56.0,10026.0,CollgCr,Reg,Sev,10,7,1937,1953,Stone,200.0,Gd,Gd,Ex,TA,Gd,GLQ,299,822,1985,Ex,Y,SBrkr,1928,600,3948,0,0,1,0,3,Ex,7,Min1,1,TA,Detchd,1980.0,RFn,3,527,TA,TA,Y,32,86,94,0,1,0,,,,Grvl,5,2006,WD,Normal,Wd Sdng,VinylSd,AllPub,410858.0
363,120,RL,53.0,6106.0,NAmes,IR1,Mod,3,6,1932,1955,BrkFace,100.0,Ex,TA,TA,TA,No,GLQ,682,813,1155,TA,Y,SBrkr,858,600,2574,1,0,2,1,5,TA,6,Mod,0,TA,Attchd,2005.0,Fin,0,370,TA,TA,Y,22,47,56,0,66,0,,,,,10,2010,WD,Normal,HdBoard,VinylSd,AllPub,181846.0
364,20,RL,71.0,7771.0,Somerst,IR2,Gtl,7,8,1902,1972,BrkFace,100.0,Fa,Gd,TA,TA,Av,Unf,682,785,652,TA,Y,SBrkr,954,900,1954,0,1,2,0,3,Gd,5,Typ,1,TA,,1995.0,Fin,3,279,TA,TA,Y,248,15,119,0,145,500,,,Shed,,7,2008,WD,Normal,Wd Sdng,VinylSd,AllPub,201142.0
365,70,RL,11.0,9505.0,OldTown,Reg,Mod,4,4,1964,2008,BrkFace,100.0,TA,Fa,Ex,TA,No,ALQ,444,997,1548,Ex,Y,SBrkr,982,0,1043,1,0,1,1,4,Gd,9,Mod,2,Gd,Detchd,,RFn,0,206,Gd,Gd,Y,227,94,100,0,59,0,,MnPrv,,,7,2010,WD,Normal,HdBoard,HdBoard,AllPub,114218.0
366,20,RL,59.0,8909.0,Somerst,Reg,Mod,3,5,1955,1966,BrkFace,0.0,TA,TA,Gd,,No,Unf,448,754,729,TA,Y,SBrkr,572,0,2789,1,0,1,0,1,Ex,9,Typ,2,Gd,Attchd,1995.0,Fin,3,42,Gd,TA,Y,184,95,56,0,102,0,,,,,6,2006,WD,Normal,HdBoard,Wd Sdng,AllPub,219530.0
367,20,RL,65.0,4838.0,CollgCr,IR2,Gtl,4,8,1960,1960,BrkFace,200.0,Gd,Fa,TA,TA,Mn,ALQ,456,202,1737,Ex,Y,SBrkr,1066,600,1619,0,0,2,1,1,Gd,7,Mod,1,TA,Attchd,1995.0,RFn,2,431,TA,,Y,228,64,46,0,102,0,,,,,5,2009,WD,Normal,HdBoard,VinylSd,AllPub,207375.0
368,70,RL,61.0,12250.0,CollgCr,Reg,Gtl,10,3,1995,1962,,0.0,TA,TA,Gd,TA,No,GLQ,527,31,1620,Ex,Y,SBrkr,733,600,3529,1,0,1,1,4,TA,3,Mod,0,Gd,Attchd,1995.0,Unf,3,804,,TA,Y,328,19,9,0,12,500,,MnPrv,,Grvl,10,2006,New,Normal,VinylSd,VinylSd,AllPub,384144.0
369,20,RM,38.0,15053.0,CollgCr,Reg,Sev,8,5,1963,1961,Stone,100.0,Ex,Fa,Ex,TA,Mn,Unf,103,976,1385,TA,Y,SBrkr,1366,1200,2589,0,0,1,1,5,TA,5,Typ,1,Gd,,2005.0,Fin,3,614,TA,TA,Y,224,111,86,0,139,0,,MnPrv,,,6,2006,WD,Normal,HdBoard,Wd Sdng,AllPub,276575.0
370,70,RL,65.0,13894.0,OldTown,IR2,Sev,5,8,1909,1989,Stone,100.0,Fa,Fa,Gd,TA,No,Unf,1065,705,93,Ex,N,SBrkr,1368,0,2467,1,1,2,0,4,Gd,7,Typ,0,Gd,Detchd,,RFn,0,342,TA,TA,Y,48,147,166,0,74,500,,,,,9,2009,WD,Partial,VinylSd,HdBoard,AllPub,198687.0
371,120,RL,54.0,6599.0,CollgCr,IR2,Mod,10,7,1976,1978,,200.0,Ex,Fa,Ex,TA,No,GLQ,1019,74,1884,Gd,Y,SBrkr,651,600,2654,0,1,1,0,3,TA,7,Mod,1,TA,Attchd,1980.0,Unf,0,615,TA,TA,Y,122,282,129,0,100,0,,,,,6,2006,WD,Normal,VinylSd,VinylSd,AllPub,283411.0
372,20,RL,85.0,10207.0,Somerst,Reg,Mod,4,3,1944,2000,Stone,,Ex,Fa,TA,TA,No,Unf,114,423,838,TA,Y,FuseA,866,900,3808,0,1,2,1,3,TA,7,Mod,0,,Attchd,1980.0,RFn,2,455,TA,TA,Y,70,133,172,0,121,0,,,Shed,,9,2009,WD,Normal,HdBoard,VinylSd,AllPub,277500.0
373,70,RL,52.0,4732.0,CollgCr,IR1,Mod,6,3,1931,1976,Stone,100.0,Gd,TA,TA,TA,No,Unf,1170,916,1149,TA,Y,SBrkr,1391,600,4455,1,1,3,1,5,TA,4,Min1,1,,Attchd,1995.0,RFn,2,4,TA,TA,N,182,100,76,0,138,0,,,,,8,2009,New,Partial,VinylSd,HdBoard,AllPub,349101.0
374,60,RL,64.0,14869.0,OldTown,Reg,Gtl,8,6,2000,1997,Stone,0.0,TA,Gd,Gd,TA,No,Unf,751,242,1413,Gd,N,SBrkr,1672,900,3283,0,1,1,0,4,Gd,7,Mod,1,Gd,Attchd,,Fin,1,471,TA,,Y,175,221,13,0,70,500,,MnPrv,,,2,2006,WD,Normal,VinylSd,HdBoard,AllPub,285626.0
375,120,RL,65.0,5004.0,CollgCr,IR2,Gtl,3,8,1962,1970,BrkFace,100.0,Fa,Gd,TA,Gd,No,Unf,309,341,836,Ex,N,SBrkr,1445,0,1209,1,1,2,1,2,Gd,4,Typ,1,,Detchd,2005.0,Unf,2,82,Gd,TA,Y,275,131,124,0,134,0,,,,,12,2010,WD,Normal,VinylSd,VinylSd,AllPub,146216.0
376,120,RL,81.0,10129.0,NAmes,IR1,Gtl,9,6,1991,1968,,,Gd,Gd,TA,Gd,Mn,ALQ,625,909,1424,Ex,Y,SBrkr,1873,1200,2305,1,1,2,1,1,Gd,11,Min1,1,Gd,Attchd,1995.0,Unf,3,64,TA,TA,P,398,212,56,0,49,0,,,,,7,2009,WD,Normal,HdBoard,Wd Sdng,AllPub,296781.0
377,70,FV,19.0,12693.0,CollgCr,IR2,Mod,5,6,1947,1962,BrkFace,0.0,Gd,TA,TA,Gd,Gd,Unf,494,312,1336,Ex,Y,SBrkr,2076,900,3161,1,0,1,1,1,Gd,4,Min1,0,Gd,,1995.0,Fin,0,727,,TA,N,164,74,67,0,2,500,,,,,11,2006,WD,Normal,Wd Sdng,HdBoard,AllPub,228677.0
378,70,RL,63.0,13192.0,OldTown,Reg,Sev,5,5,1981,1977,,0.0,Fa,TA,TA,TA,Mn,ALQ,191,649,1320,TA,Y,FuseA,2193,0,1526,1,1,2,1,2,TA,10,Typ,2,,Attchd,1995.0,,2,107,TA,TA,Y,115,14,55,0,147,500,,,,,12,2007,WD,Normal,VinylSd,VinylSd,AllPub,202507.0
379,70,RL,85.0,9929.0,OldTown,IR1,Mod,6,6,2006,1986,Stone,200.0,Fa,TA,Gd,Gd,No,,352,993,1119,Gd,Y,SBrkr,920,0,1521,1,1,1,1,3,TA,8,Typ,0,Gd,Attchd,1995.0,Fin,0,31,Gd,TA,Y,338,19,46,0,78,0,,,,,1,2006,WD,Abnorml,HdBoard,HdBoard,AllPub,190867.0
380,70,RL,63.0,5839.0,Somerst,IR1,Gtl,6,3,1978,1967,Stone,200.0,Fa,TA,Ex,TA,No,Unf,460,827,150,Ex,Y,SBrkr,1451,1200,1859,1,1,1,0,1,TA,4,Typ,0,TA,Attchd,1980.0,Unf,2,545,TA,Gd,Y,383,126,45,0,43,0,,,,,8,2006,WD,Normal,HdBoard,Wd Sdng,AllPub,216876.0
381,70,RL,39.0,8688.0,OldTown,Reg,Sev,7,7,1968,1974,Stone,0.0,Ex,Fa,,TA,Av,ALQ,464,537,651,TA,Y,SBrkr,2028,600,3645,0,0,3,0,5,Gd,11,Min1,1,,Detchd,2005.0,Fin,0,377,TA,TA,Y,231,29,51,0,113,0,,,,,6,2007,WD,Normal,HdBoard,HdBoard,AllPub,298264.0
382,20,RL,77.0,8263.0,OldTown,Reg,Sev,10,6,1900,1972,BrkFace,200.0,Fa,TA,TA,TA,No,Unf,195,66,735,TA,Y,SBrkr,1036,1200,2010,1,1,3,0,4,TA,4,Mod,1,,Detchd,1995.0,,1,429,TA,Gd,Y,165,298,148,0,84,0,,MnPrv,,,5,2008,New,Normal,HdBoard,HdBoard,AllPub,247508.0
383,120,RL,77.0,10002.0,CollgCr,IR2,Mod,3,3,1941,2007,Stone,,Fa,Fa,Gd,Gd,Av,GLQ,1152,994,1248,TA,Y,SBrkr,1804,1200,2965,0,1,3,1,2,TA,7,Typ,2,,Detchd,2005.0,RFn,0,329,TA,TA,Y,219,292,194,0,4,0,,,,,2,2006,WD,Normal,HdBoard,VinylSd,AllPub,204059.0
384,70,RL,65.0,12044.0,CollgCr,IR1,Gtl,6,8,1947,1977,,100.0,TA,Fa,TA,TA,Av,,289,152,1358,Gd,Y,SBrkr,590,1200,2502,0,1,2,1,1,Gd,11,Mod,0,TA,Detchd,1980.0,RFn,2,127,,TA,Y,138,12,124,0,17,500,,MnPrv,,,6,2009,New,Partial,Wd Sdng,Wd Sdng,AllPub,233017.0
385,120,RM,47.0,10923.0,NAmes,IR2,Gtl,8,7,2009,1971,BrkFace,200.0,Gd,TA,Ex,TA,Mn,GLQ,354,184,1717,Gd,Y,SBrkr,757,0,2704,0,0,1,1,2,Gd,4,Mod,0,,Attchd,2005.0,Unf,2,69,,TA,Y,150,135,58,0,129,0,,MnPrv,,,2,2009,WD,Normal,Wd Sdng,Wd Sdng,AllPub,305143.0
386,70,RM,55.0,16924.0,OldTown,IR1,Gtl,5,4,1997,2010,BrkFace,100.0,Fa,Fa,,TA,No,Unf,708,914,1954,Gd,Y,SBrkr,2141,1200,1598,1,0,1,1,1,Ex,11,Min1,2,TA,Attchd,,,0,9,TA,TA,Y,91,164,181,0,49,0,,,,,10,2010,New,Partial,Wd Sdng,Wd Sdng,AllPub,200619.0
387,60,RL,64.0,10920.0,Somerst,IR2,Mod,5,6,1979,1957,,100.0,Gd,Gd,Ex,TA,No,GLQ,10,809,925,TA,Y,SBrkr,1091,0,3044,0,0,1,0,4,Gd,11,Min1,2,,Attchd,1995.0,Fin,1,493,TA,TA,Y,238,112,198,0,35,0,,MnPrv,,,3,2007,WD,Normal,VinylSd,Wd Sdng,AllPub,245024.0
388,20,RL,52.0,7969.0,CollgCr,Reg,Mod,7,8,1979,1954,BrkFace,0.0,Ex,TA,Ex,TA,Gd,ALQ,926,925,1008,TA,Y,SBrkr,919,0,1007,0,1,3,1,5,TA,4,Typ,0,TA,,1995.0,Unf,2,268,TA,TA,Y,139,137,152,0,68,0,,MnPrv,Shed,,4,2009,WD,Partial,HdBoard,HdBoard,AllPub,167499.0
389,70,RL,32.0,14603.0,CollgCr,IR2,Gtl,7,4,1920,1980,Stone,0.0,Ex,Fa,TA,,Av,ALQ,261,687,1487,Ex,Y,SBrkr,585,0,2724,0,0,3,1,3,Ex,11,Mod,0,,Attchd,1980.0,,3,671,TA,TA,Y,299,23,152,0,49,0,Ex,MnPrv,,,12,2009,WD,Normal,VinylSd,HdBoard,AllPub,282342.0
390,120,RL,55.0,8149.0,OldTown,Reg,Sev,8,6,1938,1974,Stone,0.0,TA,Gd,Ex,TA,No,GLQ,863,365,1114,Gd,Y,SBrkr,798,1200,3701,1,1,1,0,1,Gd,11,Typ,0,,Detchd,1995.0,Fin,0,77,TA,TA,Y,93,233,90,0,127,500,,,,,1,2006,WD,Normal,VinylSd,VinylSd,AllPub,275244.0
391,20,FV,69.0,9745.0,CollgCr,Reg,Sev,7,4,1999,1960,Stone,0.0,Ex,TA,Gd,TA,Gd,ALQ,904,975,878,Gd,Y,SBrkr,1211,0,1977,0,0,2,1,2,TA,3,Min1,2,TA,,1980.0,RFn,2,17,TA,,Y,130,13,128,0,53,0,,,,,7,2006,WD,Normal,VinylSd,VinylSd,AllPub,228956.0
392,70,RL,60.0,9454.0,NAmes,IR1,Mod,8,7,1961,2005,,0.0,Fa,Gd,Gd,TA,No,ALQ,481,607,1723,Gd,N,SBrkr,550,900,1520,1,0,3,1,4,TA,11,Min1,1,TA,Attchd,2005.0,RFn,0,291,TA,,Y,291,107,172,0,57,0,,,,,2,2006,WD,Normal,Wd Sdng,VinylSd,AllPub,238960.0
393,60,RM,68.0,4501.0,OldTown,IR1,Mod,4,6,1915,1952,Stone,0.0,Fa,Fa,Gd,TA,No,,1095,844,381,TA,Y,SBrkr,2045,0,1014,1,0,3,1,5,Gd,7,Min1,1,,Attchd,1980.0,Unf,0,493,,TA,Y,149,273,110,0,68,0,,,,,10,2006,WD,Normal,Wd Sdng,Wd Sdng,AllPub,131565.0
394,20,RL,72.0,9731.0,Somerst,Reg,Mod,3,6,1968,1985,Stone,200.0,TA,TA,Gd,TA,Av,GLQ,961,59,346,TA,Y,SBrkr,1386,900,4003,1,1,3,0,3,TA,8,Min1,0,TA,Attchd,1980.0,Fin,2,745,TA,,Y,91,195,61,0,111,500,,,,,8,2006,WD,Partial,HdBoard,Wd Sdng,AllPub,278571.0
395,70,RM,88.0,9768.0,CollgCr,IR2,Gtl,4,6,1972,1963,BrkFace,0.0,Ex,Gd,TA,TA,,Unf,257,2,1481,Gd,Y,SBrkr,760,0,1260,0,1,3,1,2,TA,7,Typ,0,TA,Detchd,2005.0,Fin,1,178,Gd,TA,Y,83,36,26,0,16,500,,,,,7,2009,WD,Normal,HdBoard,VinylSd,AllPub,176129.0
396,120,RL,114.0,8409.0,Somerst,IR2,Gtl,10,3,1995,1971,,0.0,TA,Fa,TA,Gd,No,ALQ,835,579,1322,TA,Y,SBrkr,740,600,1631,1,0,2,0,1,TA,9,Mod,2,,Attchd,1995.0,Unf,1,229,TA,TA,Y,369,117,40,0,114,0,,,,,12,2006,WD,Normal,Wd Sdng,HdBoard,NoSeWa,246649.0
397,70,RM,85.0,8584.0,CollgCr,Reg,Mod,9,8,1952,2005,Stone,0.0,Ex,TA,,TA,Av,GLQ,483,723,953,TA,Y,SBrkr,1142,600,2036,1,1,1,0,1,Gd,5,Typ,2,TA,Attchd,2005.0,Fin,0,825,,TA,Y,34,104,142,0,130,0,,,Shed,Grvl,12,2008,WD,Normal,HdBoard,VinylSd,AllPub,242814.0
398,120,RL,42.0,6092.0,Somerst,IR1,Gtl,6,3,1960,1996,BrkFace,0.0,TA,Gd,TA,Gd,No,Unf,191,125,476,Gd,Y,SBrkr,670,900,2267,1,0,3,1,4,Gd,3,Mod,2,Gd,Detchd,1980.0,,3,231,TA,Gd,Y,131,190,47,0,96,0,,,,,8,2010,WD,Normal,Wd Sdng,HdBoard,AllPub,208713.0
399,70,RM,17.0,9180.0,OldTown,Reg,Mod,9,4,1986,1952,BrkFace,0.0,Ex,Gd,Gd,TA,Av,GLQ,1197,683,464,TA,Y,SBrkr,1243,0,762,0,1,3,1,4,Gd,11,Mod,1,Gd,Attchd,1980.0,,3,830,TA,TA,Y,232,88,48,0,32,0,,,Shed,,5,2009,WD,Normal,VinylSd,VinylSd,AllPub,201066.0
400,70,RL,68.0,14057.0,Somerst,Reg,Gtl,8,3,1993,2009,Stone,0.0,Ex,Fa,TA,Gd,No,GLQ,632,486,848,TA,Y,SBrkr,1230,0,1814,0,1,3,1,5,TA,4,Typ,1,,Attchd,2005.0,Unf,3,510,TA,TA,Y,15,101,157,0,138,500,,,,,2,2006,,Normal,HdBoard,HdBoard,AllPub,226781.0
